#pragma once
#include <Arduino.h>

#define FACE_WIDTH 110
#define FACE_HEIGHT 110

const unsigned char face_annoyed[] PROGMEM = {
    0x00, 0x00, 0x00, 0x00, 0x00, 0x00, 0x00, 0x00, 0x00, 0x00, 0x00, 0x00, 0x00, 0x00, 0x00, 0x00,
    0x00, 0x00, 0x00, 0x00, 0x00, 0x00, 0x00, 0x00, 0x00, 0x00, 0x00, 0x00, 0x00, 0x00, 0x00, 0x00,
    0x00, 0x00, 0x00, 0x00, 0x00, 0x00, 0x00, 0x00, 0x00, 0x00, 0x00, 0x00, 0x00, 0x00, 0x00, 0x00,
    0x00, 0x00, 0x00, 0x00, 0x00, 0x00, 0x00, 0x00, 0x00, 0x00, 0x00, 0x00, 0x00, 0x00, 0x00, 0x00,
    0x00, 0x00, 0x00, 0x00, 0x00, 0x00, 0x00, 0x00, 0x00, 0x00, 0x00, 0x00, 0x00, 0x00, 0x00, 0x00,
    0x00, 0x00, 0x00, 0x00, 0x00, 0x00, 0x00, 0x00, 0x00, 0x00, 0x00, 0x00, 0x00, 0x00, 0x00, 0x00,
    0x00, 0x00, 0x00, 0x00, 0x00, 0x00, 0x00, 0x00, 0x00, 0x00, 0x00, 0x00, 0x00, 0x00, 0x00, 0x00,
    0x00, 0x00, 0x00, 0x00, 0x00, 0x00, 0x00, 0x00, 0x00, 0x00, 0x00, 0x00, 0x00, 0x00, 0x00, 0x00,
    0x00, 0x00, 0x00, 0x00, 0x00, 0x00, 0x00, 0x00, 0x00, 0x00, 0x00, 0x00, 0x00, 0x00, 0x00, 0x00,
    0x00, 0x00, 0x00, 0x00, 0x00, 0x00, 0x00, 0x00, 0x00, 0x00, 0x00, 0x00, 0x00, 0x00, 0x00, 0x00,
    0x00, 0x00, 0x00, 0x00, 0x00, 0x00, 0x00, 0x00, 0x00, 0x00, 0x00, 0x00, 0x00, 0x00, 0x00, 0x00,
    0x00, 0x00, 0x00, 0x00, 0x00, 0x00, 0x00, 0x00, 0x00, 0x00, 0x00, 0x00, 0x00, 0x00, 0x00, 0x00,
    0x00, 0x00, 0x00, 0x00, 0x00, 0x00, 0x00, 0x00, 0x00, 0x00, 0x00, 0x00, 0x00, 0x00, 0x00, 0x00,
    0x00, 0x00, 0x00, 0x00, 0x00, 0x00, 0x00, 0x00, 0x00, 0x00, 0x00, 0x00, 0x00, 0x00, 0x00, 0x00,
    0x00, 0x00, 0x7C, 0x00, 0x00, 0x00, 0x00, 0x00, 0x00, 0x00, 0x00, 0x0F, 0x00, 0x00, 0x00, 0x00,
    0xFC, 0x01, 0x00, 0x00, 0x00, 0x00, 0x00, 0x00, 0xC0, 0x0F, 0x00, 0x00, 0x00, 0x00, 0xFC, 0x07,
    0x00, 0x00, 0x00, 0x00, 0x00, 0x00, 0xF8, 0x1F, 0x00, 0x00, 0x00, 0x00, 0xFE, 0x1F, 0x00, 0x00,
    0x00, 0x00, 0x00, 0x00, 0xFE, 0x1F, 0x00, 0x00, 0x00, 0x00, 0x8E, 0x7F, 0x00, 0x00, 0x00, 0x00,
    0x00, 0x00, 0x7F, 0x1C, 0x00, 0x00, 0x00, 0x00, 0x0E, 0xFE, 0x01, 0x00, 0x00, 0x00, 0x00, 0xC0,
    0x1F, 0x1C, 0x00, 0x00, 0x00, 0x00, 0x0E, 0xF8, 0x03, 0x00, 0x00, 0x00, 0x00, 0xF0, 0x07, 0x3C,
    0x00, 0x00, 0x00, 0x00, 0x0F, 0xE0, 0x0F, 0x00, 0x00, 0x00, 0x00, 0xF8, 0x03, 0x38, 0x00, 0x00,
    0x00, 0x00, 0xC7, 0xC0, 0x1F, 0x04, 0x00, 0x00, 0x00, 0xFE, 0xC0, 0x38, 0x00, 0x00, 0x00, 0x00,
    0xC7, 0x81, 0x7F, 0x1E, 0x00, 0x00, 0x1C, 0x7F, 0xE0, 0x38, 0x00, 0x00, 0x00, 0x00, 0xC7, 0x07,
    0xFE, 0x3E, 0xC0, 0x00, 0xDF, 0x1F, 0xF0, 0x38, 0x00, 0x00, 0x00, 0x00, 0xC7, 0x0F, 0xFC, 0xFF,
    0xFF, 0xFF, 0xFF, 0x0F, 0xFC, 0x38, 0x00, 0x00, 0x00, 0x00, 0xC7, 0x1F, 0xF8, 0xFF, 0xFF, 0xFF,
    0xFF, 0x07, 0xFE, 0x38, 0x00, 0x00, 0x00, 0x00, 0xC7, 0x3F, 0xF0, 0xEF, 0xFF, 0xFF, 0xFD, 0x03,
    0xFE, 0x38, 0x00, 0x00, 0x00, 0x00, 0xC7, 0x3F, 0xE0, 0xEF, 0x3F, 0xFF, 0xFC, 0x01, 0xFF, 0x38,
    0x00, 0x00, 0x00, 0x00, 0xC7, 0x7F, 0xC0, 0xCF, 0x3F, 0xFF, 0xFC, 0x80, 0xFF, 0x38, 0x00, 0x00,
    0x00, 0x00, 0xC7, 0xFF, 0x80, 0xDF, 0x3F, 0xFF, 0x7E, 0xC0, 0xFF, 0x38, 0x00, 0x00, 0x00, 0x00,
    0xC7, 0xFF, 0x01, 0xFF, 0x3F, 0xFF, 0x3F, 0xE0, 0xFF, 0x38, 0x00, 0x00, 0x00, 0x00, 0xC7, 0xCF,
    0x01, 0xFE, 0x3F, 0xFF, 0x1F, 0xE0, 0xFC, 0x38, 0x00, 0x00, 0x00, 0x00, 0xC7, 0x1F, 0x03, 0xFE,
    0x1F, 0xFE, 0x1F, 0x30, 0xFE, 0x38, 0x00, 0x00, 0x00, 0x00, 0x8E, 0x1F, 0x82, 0xFF, 0xDF, 0xFE,
    0x7F, 0x10, 0x7E, 0x3C, 0x00, 0x00, 0x00, 0x00, 0x8F, 0x3F, 0xC0, 0xFF, 0xDF, 0xFE, 0xFF, 0x00,
    0x7F, 0x7C, 0x00, 0x00, 0x00, 0x80, 0x8F, 0x3F, 0xF0, 0xFF, 0x1F, 0xFE, 0xFF, 0x03, 0x7F, 0x7C,
    0x00, 0x00, 0x00, 0x80, 0x8F, 0x0F, 0xF8, 0x3F, 0x3E, 0x1F, 0xFF, 0x07, 0x7C, 0x7C, 0x00, 0x00,
    0x00, 0x80, 0x0F, 0x1F, 0xFC, 0x3F, 0x3E, 0x1F, 0xFF, 0x1F, 0x3E, 0x7C, 0x00, 0x00, 0x00, 0x80,
    0x03, 0x1F, 0xFE, 0x7F, 0x3E, 0x9F, 0xFF, 0x1F, 0x3E, 0x70, 0x00, 0x00, 0x00, 0x00, 0x07, 0x3F,
    0xFE, 0xFF, 0x3E, 0xDF, 0xFF, 0x1F, 0x3F, 0x38, 0x00, 0x00, 0x00, 0x00, 0x07, 0x7E, 0xFF, 0xFF,
    0x3D, 0xEF, 0xFF, 0x3F, 0x1F, 0x38, 0x00, 0x00, 0x00, 0x00, 0x07, 0xFE, 0xFF, 0xFF, 0x3B, 0xF7,
    0xFF, 0xFF, 0x1F, 0x38, 0x00, 0x00, 0x00, 0x00, 0x8F, 0xFF, 0xFF, 0xFF, 0x37, 0xFB, 0xFF, 0xFF,
    0x7F, 0x38, 0x00, 0x00, 0x00, 0x00, 0x8E, 0xFF, 0xFF, 0xFF, 0xF7, 0xF9, 0xFF, 0xFF, 0x7F, 0x1C,
    0x00, 0x00, 0x00, 0x00, 0x0E, 0xFF, 0xFF, 0xFF, 0xF7, 0xF9, 0xFF, 0xFF, 0x7F, 0x1C, 0x00, 0x00,
    0x00, 0x00, 0x1F, 0xFF, 0xFF, 0xFF, 0xF7, 0xF9, 0xFF, 0xFF, 0x3F, 0x3E, 0x00, 0x00, 0x00, 0x80,
    0x1F, 0xFF, 0x3F, 0xFC, 0xF7, 0xFD, 0x0F, 0xFF, 0x3F, 0x7E, 0x00, 0x00, 0x00, 0x00, 0x8F, 0xFF,
    0x3F, 0xF0, 0xFF, 0xFF, 0x03, 0xFF, 0x7F, 0x3C, 0x00, 0x00, 0x00, 0x00, 0xCF, 0xFF, 0x7F, 0xE0,
    0xFF, 0xFF, 0x81, 0xFF, 0xFF, 0x3C, 0x00, 0x00, 0x00, 0x00, 0xFE, 0xFF, 0x1F, 0xC0, 0xFF, 0xFF,
    0x00, 0xFE, 0xFF, 0x1F, 0x00, 0x00, 0x00, 0x00, 0xFC, 0xFF, 0x01, 0x80, 0xFF, 0x7F, 0x00, 0xE0,
    0xFF, 0x0F, 0x00, 0x00, 0x00, 0x00, 0xFC, 0xFF, 0x01, 0x00, 0xFF, 0x3F, 0x00, 0xC0, 0xFF, 0x0F,
    0x00, 0x00, 0x00, 0x00, 0xFE, 0xFF, 0x01, 0x00, 0xFF, 0x3F, 0x00, 0xE0, 0xFF, 0x1F, 0x00, 0x00,
    0x00, 0x80, 0xFF, 0x7F, 0x00, 0x00, 0xFE, 0x1F, 0x00, 0x80, 0xFF, 0x7F, 0x00, 0x00, 0x00, 0xC0,
    0xFF, 0x3F, 0x00, 0x00, 0xFE, 0x1F, 0x00, 0x00, 0xFF, 0xFF, 0x00, 0x00, 0x00, 0xF0, 0xCF, 0x1F,
    0x00, 0x00, 0xFE, 0x1F, 0x00, 0x00, 0xFE, 0xF8, 0x03, 0x00, 0x00, 0xF8, 0xE1, 0x1F, 0x00, 0x00,
    0xFE, 0x1F, 0x00, 0x00, 0xFE, 0xE1, 0x07, 0x00, 0x00, 0xF0, 0xC1, 0x1F, 0x1E, 0x00, 0xEC, 0x1D,
    0x00, 0x1E, 0xFE, 0xE0, 0x03, 0x00, 0x00, 0xE0, 0x03, 0x3F, 0xFE, 0x03, 0xC4, 0x18, 0xF0, 0x1F,
    0x3F, 0xF0, 0x01, 0x00, 0x00, 0xC0, 0x0F, 0x3F, 0xFC, 0xFF, 0xC0, 0xC0, 0xFF, 0x0F, 0x3F, 0xFC,
    0x00, 0x00, 0x00, 0x80, 0x8F, 0x1F, 0xC8, 0xFF, 0x01, 0xE0, 0xFF, 0x0C, 0x7E, 0x7C, 0x00, 0x00,
    0x00, 0xC0, 0xC7, 0x1F, 0x4C, 0xFE, 0x00, 0xC0, 0xF9, 0x0C, 0xFE, 0xF8, 0x00, 0x00, 0x00, 0xC0,
    0xE3, 0x1F, 0xC8, 0x7F, 0x00, 0x80, 0xF9, 0x0C, 0xFE, 0xF1, 0x01, 0x00, 0x00, 0xE0, 0xE1, 0x38,
    0xD8, 0x7F, 0x00, 0x80, 0xFF, 0x06, 0xC7, 0xE1, 0x03, 0x00, 0x00, 0xF0, 0x70, 0x36, 0x98, 0x3F,
    0x00, 0x00, 0x7F, 0x06, 0x9B, 0xC3, 0x03, 0x00, 0x00, 0x78, 0x00, 0x6F, 0x30, 0x3F, 0x00, 0x00,
    0x3E, 0x83, 0x3D, 0x80, 0x07, 0x00, 0x00, 0x3C, 0x00, 0x6D, 0x00, 0x0C, 0x00, 0x00, 0x0C, 0x80,
    0x2D, 0x00, 0x0F, 0x00, 0x00, 0xFC, 0x00, 0xCF, 0x00, 0x00, 0x00, 0x00, 0x00, 0xC0, 0x3C, 0xC0,
    0x0F, 0x00, 0x00, 0xF0, 0x01, 0x98, 0x01, 0x00, 0x00, 0x00, 0x00, 0x60, 0x06, 0xE0, 0x03, 0x00,
    0x00, 0xE0, 0x0F, 0xB0, 0x0F, 0x00, 0x00, 0x00, 0x00, 0x7C, 0x07, 0xFC, 0x01, 0x00, 0x00, 0xC0,
    0x3F, 0x30, 0x08, 0x00, 0x00, 0x00, 0x00, 0x04, 0x03, 0xFF, 0x00, 0x00, 0x00, 0x00, 0xFF, 0x60,
    0x00, 0x00, 0xF8, 0x03, 0x00, 0x80, 0xC1, 0x3F, 0x00, 0x00, 0x00, 0x00, 0x7C, 0x00, 0x00, 0x00,
    0xFE, 0x1F, 0x00, 0x00, 0x80, 0x0F, 0x00, 0x00, 0x00, 0x00, 0x3C, 0x00, 0x00, 0x00, 0x83, 0x3F,
    0x00, 0x00, 0x00, 0x0F, 0x00, 0x00, 0x00, 0x00, 0x1E, 0x00, 0x00, 0x00, 0xF3, 0x3F, 0x00, 0x00,
    0x00, 0x1E, 0x00, 0x00, 0x00, 0x00, 0x0F, 0x00, 0x00, 0x00, 0xFF, 0x3F, 0x00, 0x00, 0x00, 0x3C,
    0x00, 0x00, 0x00, 0x80, 0x3F, 0x00, 0x00, 0x00, 0xFF, 0x3F, 0x00, 0x00, 0x00, 0x7F, 0x00, 0x00,
    0x00, 0x00, 0xFF, 0x07, 0x00, 0x00, 0xFF, 0x1F, 0x00, 0x00, 0xF8, 0x3F, 0x00, 0x00, 0x00, 0x00,
    0xFC, 0x3F, 0x00, 0x00, 0xFE, 0x1F, 0x00, 0x00, 0xFF, 0x0F, 0x00, 0x00, 0x00, 0x00, 0xE0, 0x0F,
    0x00, 0x00, 0xFC, 0x0F, 0x00, 0x00, 0xFC, 0x01, 0x00, 0x00, 0x00, 0x00, 0x80, 0x07, 0x00, 0x00,
    0xF8, 0x07, 0x00, 0x00, 0x78, 0x00, 0x00, 0x00, 0x00, 0x00, 0x80, 0x07, 0x00, 0x00, 0xE0, 0x01,
    0x00, 0x00, 0xF8, 0x00, 0x00, 0x00, 0x00, 0x00, 0xC0, 0x7F, 0x00, 0x00, 0xC0, 0x00, 0x00, 0x80,
    0xFF, 0x00, 0x00, 0x00, 0x00, 0x00, 0xC0, 0xFF, 0x03, 0x00, 0xC0, 0x00, 0x00, 0xF0, 0xFF, 0x00,
    0x00, 0x00, 0x00, 0x00, 0x00, 0xFC, 0x0F, 0x00, 0xC0, 0x00, 0x00, 0xFC, 0x0F, 0x00, 0x00, 0x00,
    0x00, 0x00, 0x00, 0xC0, 0x07, 0x00, 0xF8, 0x07, 0x00, 0xF8, 0x00, 0x00, 0x00, 0x00, 0x00, 0x00,
    0x00, 0x00, 0x07, 0x00, 0xBE, 0x1F, 0x00, 0x38, 0x00, 0x00, 0x00, 0x00, 0x00, 0x00, 0x00, 0x80,
    0x03, 0x00, 0x07, 0x38, 0x00, 0x70, 0x00, 0x00, 0x00, 0x00, 0x00, 0x00, 0x00, 0x80, 0xFF, 0x00,
    0x02, 0x00, 0xC0, 0x7F, 0x00, 0x00, 0x00, 0x00, 0x00, 0x00, 0x00, 0x80, 0xFF, 0x01, 0x00, 0x00,
    0xE0, 0x7F, 0x00, 0x00, 0x00, 0x00, 0x00, 0x00, 0x00, 0x80, 0xFF, 0x03, 0x00, 0x00, 0xF0, 0x7F,
    0x00, 0x00, 0x00, 0x00, 0x00, 0x00, 0x00, 0x00, 0xC0, 0x07, 0x00, 0x00, 0xF8, 0x00, 0x00, 0x00,
    0x00, 0x00, 0x00, 0x00, 0x00, 0x00, 0x80, 0xCF, 0x00, 0xC0, 0x7C, 0x00, 0x00, 0x00, 0x00, 0x00,
    0x00, 0x00, 0x00, 0x00, 0x00, 0xFE, 0x01, 0xE0, 0x3E, 0x00, 0x00, 0x00, 0x00, 0x00, 0x00, 0x00,
    0x00, 0x00, 0x00, 0xFC, 0x07, 0xF8, 0x0F, 0x00, 0x00, 0x00, 0x00, 0x00, 0x00, 0x00, 0x00, 0x00,
    0x00, 0xF8, 0x3F, 0xFF, 0x07, 0x00, 0x00, 0x00, 0x00, 0x00, 0x00, 0x00, 0x00, 0x00, 0x00, 0xE0,
    0xFF, 0xFF, 0x01, 0x00, 0x00, 0x00, 0x00, 0x00, 0x00, 0x00, 0x00, 0x00, 0x00, 0x80, 0xF9, 0x67,
    0x00, 0x00, 0x00, 0x00, 0x00, 0x00, 0x00, 0x00, 0x00, 0x00, 0x00, 0x00, 0xE0, 0x01, 0x00, 0x00,
    0x00, 0x00, 0x00, 0x00, 0x00, 0x00, 0x00, 0x00, 0x00, 0x00, 0x00, 0x00, 0x00, 0x00, 0x00, 0x00,
    0x00, 0x00, 0x00, 0x00, 0x00, 0x00, 0x00, 0x00, 0x00, 0x00, 0x00, 0x00, 0x00, 0x00, 0x00, 0x00,
    0x00, 0x00, 0x00, 0x00, 0x00, 0x00, 0x00, 0x00, 0x00, 0x00, 0x00, 0x00, 0x00, 0x00, 0x00, 0x00,
    0x00, 0x00, 0x00, 0x00, 0x00, 0x00, 0x00, 0x00, 0x00, 0x00, 0x00, 0x00, 0x00, 0x00, 0x00, 0x00,
    0x00, 0x00, 0x00, 0x00, 0x00, 0x00, 0x00, 0x00, 0x00, 0x00, 0x00, 0x00, 0x00, 0x00, 0x00, 0x00,
    0x00, 0x00, 0x00, 0x00, 0x00, 0x00, 0x00, 0x00, 0x00, 0x00, 0x00, 0x00, 0x00, 0x00, 0x00, 0x00,
    0x00, 0x00, 0x00, 0x00, 0x00, 0x00, 0x00, 0x00, 0x00, 0x00, 0x00, 0x00, 0x00, 0x00, 0x00, 0x00,
    0x00, 0x00, 0x00, 0x00
};

const unsigned char face_curious[] PROGMEM = {
    0x00, 0x00, 0x00, 0x00, 0x00, 0x00, 0x00, 0x00, 0x00, 0x00, 0x00, 0x00, 0x00, 0x00, 0x00, 0x00,
    0x00, 0x00, 0x00, 0x00, 0x00, 0x00, 0x00, 0x00, 0x00, 0x00, 0x00, 0x00, 0x00, 0x00, 0x00, 0x00,
    0x00, 0x00, 0x00, 0x00, 0x00, 0x00, 0x00, 0x00, 0x00, 0x00, 0x00, 0x00, 0x00, 0x00, 0x00, 0x00,
    0x00, 0x00, 0x00, 0x00, 0x00, 0x00, 0x00, 0x00, 0x00, 0x00, 0x00, 0x00, 0x00, 0x00, 0x00, 0x00,
    0x00, 0x00, 0x00, 0x00, 0x00, 0x00, 0x00, 0x00, 0x00, 0x00, 0x00, 0x00, 0x00, 0x00, 0x00, 0x00,
    0x00, 0x00, 0x00, 0x00, 0x00, 0x00, 0x00, 0x00, 0x00, 0x00, 0x00, 0x00, 0x00, 0x00, 0x00, 0x00,
    0x00, 0x00, 0x00, 0x00, 0x00, 0x06, 0x00, 0x00, 0x00, 0x00, 0x00, 0x00, 0x18, 0x00, 0x00, 0x00,
    0x00, 0x00, 0x80, 0x1F, 0x00, 0x00, 0x00, 0x00, 0x00, 0x00, 0x7C, 0x00, 0x00, 0x00, 0x00, 0x00,
    0xC0, 0x3F, 0x00, 0x00, 0x00, 0x00, 0x00, 0x00, 0xFF, 0x00, 0x00, 0x00, 0x00, 0x00, 0xE0, 0x7F,
    0x00, 0x00, 0x00, 0x00, 0x00, 0x80, 0xFF, 0x01, 0x00, 0x00, 0x00, 0x00, 0xF0, 0xF9, 0x00, 0x00,
    0x00, 0x00, 0x00, 0xC0, 0xE7, 0x03, 0x00, 0x00, 0x00, 0x00, 0x70, 0xF0, 0x01, 0x00, 0x00, 0x00,
    0x00, 0xE0, 0x83, 0x03, 0x00, 0x00, 0x00, 0x00, 0x70, 0xC0, 0x03, 0x00, 0x00, 0x00, 0x00, 0xF0,
    0x81, 0x03, 0x00, 0x00, 0x00, 0x00, 0x78, 0x80, 0x07, 0x00, 0x00, 0x00, 0x00, 0xF8, 0x80, 0x07,
    0x00, 0x00, 0x00, 0x00, 0x38, 0x06, 0x0F, 0x00, 0x00, 0x00, 0x00, 0x7C, 0x10, 0x07, 0x00, 0x00,
    0x00, 0x00, 0x38, 0x06, 0x1E, 0x00, 0x00, 0x00, 0x00, 0x3E, 0x18, 0x07, 0x00, 0x00, 0x00, 0x00,
    0x38, 0x0E, 0x3C, 0x00, 0x00, 0x00, 0x00, 0x1F, 0x1C, 0x07, 0x00, 0x00, 0x00, 0x00, 0x3C, 0x1F,
    0x78, 0x00, 0x00, 0x00, 0x80, 0x0F, 0x3E, 0x0F, 0x00, 0x00, 0x00, 0x00, 0x1C, 0x3F, 0xF8, 0x00,
    0x00, 0x00, 0x80, 0x07, 0x3F, 0x0E, 0x00, 0x00, 0x00, 0x00, 0x1C, 0x7F, 0xF0, 0x00, 0x00, 0x00,
    0xC0, 0x03, 0x3F, 0x0E, 0x00, 0x00, 0x00, 0x00, 0x1C, 0x7F, 0xE0, 0x01, 0x00, 0x00, 0xE0, 0x81,
    0x3F, 0x0E, 0x00, 0x00, 0x00, 0x00, 0x1C, 0xFF, 0xC0, 0x1F, 0x00, 0x00, 0xFE, 0xC0, 0x3F, 0x0E,
    0x00, 0x00, 0x00, 0x00, 0x9E, 0xFF, 0x81, 0x3F, 0x00, 0x00, 0xFF, 0xC0, 0x7F, 0x1E, 0x00, 0x00,
    0x00, 0x00, 0x8E, 0xFF, 0x81, 0x7F, 0x00, 0x80, 0x7F, 0xE0, 0x7F, 0x1C, 0x00, 0x00, 0x00, 0x00,
    0x8E, 0xFF, 0x03, 0xFF, 0x00, 0xC0, 0x3F, 0xF0, 0x7F, 0x1C, 0x00, 0x00, 0x00, 0x00, 0x8E, 0xFF,
    0x03, 0xEE, 0xFF, 0xFF, 0x1D, 0xF0, 0x7F, 0x1C, 0x00, 0x00, 0x00, 0x00, 0x8E, 0xFF, 0x07, 0xCE,
    0xFF, 0xFF, 0x1C, 0xF8, 0x7F, 0x1C, 0x00, 0x00, 0x00, 0x00, 0x8E, 0xFF, 0x07, 0xDC, 0xFF, 0xFF,
    0x0E, 0xF8, 0x7F, 0x1C, 0x00, 0x00, 0x00, 0x00, 0x8E, 0x9F, 0x0F, 0x9C, 0x3F, 0x7F, 0x0E, 0x7C,
    0x7F, 0x1C, 0x00, 0x00, 0x00, 0x00, 0x8E, 0x3F, 0x0E, 0xB8, 0x3F, 0x7F, 0x07, 0x1C, 0x7F, 0x1C,
    0x00, 0x00, 0x00, 0x00, 0x8E, 0x3F, 0x0C, 0xF8, 0x3F, 0xFF, 0x07, 0x0C, 0x7F, 0x1C, 0x00, 0x00,
    0x00, 0x00, 0x8E, 0x7F, 0x18, 0xFE, 0x3F, 0xFF, 0x1F, 0x86, 0x7F, 0x1C, 0x00, 0x00, 0x00, 0x00,
    0x8E, 0x7F, 0x80, 0xFF, 0x3F, 0xFF, 0x7F, 0x80, 0x7F, 0x1C, 0x00, 0x00, 0x00, 0x00, 0x8E, 0x1F,
    0xC0, 0xFF, 0x3F, 0xFF, 0xFF, 0x00, 0x7E, 0x1C, 0x00, 0x00, 0x00, 0x00, 0x8E, 0x3F, 0xF0, 0xFF,
    0xDF, 0xFE, 0xFF, 0x03, 0x7F, 0x1C, 0x00, 0x00, 0x00, 0x00, 0x8F, 0x3F, 0xF8, 0xFF, 0xDF, 0xFE,
    0xFF, 0x07, 0x7F, 0x3C, 0x00, 0x00, 0x00, 0x80, 0x8F, 0x7F, 0xFE, 0xFF, 0xDF, 0xFE, 0xFF, 0x9F,
    0x7F, 0x7C, 0x00, 0x00, 0x00, 0x80, 0x8F, 0x1F, 0xFE, 0x3F, 0x3F, 0x3F, 0xFF, 0x1F, 0x7E, 0x7C,
    0x00, 0x00, 0x00, 0x80, 0x8F, 0x0F, 0xFE, 0x3F, 0x3E, 0x1F, 0xFF, 0x1F, 0x3E, 0x7C, 0x00, 0x00,
    0x00, 0x80, 0x03, 0x1F, 0xFF, 0x7F, 0x3F, 0xBF, 0xFF, 0x3F, 0x3E, 0x70, 0x00, 0x00, 0x00, 0x80,
    0x03, 0x9F, 0xFF, 0xFF, 0x3E, 0xDF, 0xFF, 0x7F, 0x3E, 0x38, 0x00, 0x00, 0x00, 0x00, 0x07, 0xFF,
    0xFF, 0xFF, 0x3C, 0xCF, 0xFF, 0xFF, 0x3F, 0x38, 0x00, 0x00, 0x00, 0x00, 0x07, 0xFF, 0xFF, 0xFF,
    0x39, 0xE7, 0xFF, 0xFF, 0x1F, 0x38, 0x00, 0x00, 0x00, 0x00, 0x07, 0xFE, 0xFF, 0xFF, 0x33, 0xF3,
    0xFF, 0xFF, 0x1F, 0x38, 0x00, 0x00, 0x00, 0x00, 0xC7, 0xFF, 0x7F, 0xFC, 0xB7, 0xF9, 0xFF, 0xFF,
    0xFF, 0x3C, 0x00, 0x00, 0x00, 0x00, 0x8E, 0xFF, 0xFF, 0xE0, 0xF7, 0xF9, 0xFF, 0xFF, 0x7F, 0x1C,
    0x00, 0x00, 0x00, 0x00, 0x8E, 0xFF, 0xFF, 0xC0, 0xF7, 0xFB, 0xFF, 0xFF, 0x7F, 0x1C, 0x00, 0x00,
    0x00, 0x00, 0x1F, 0xFF, 0x07, 0x80, 0xE7, 0xF9, 0xF8, 0xFF, 0x3F, 0x3E, 0x00, 0x00, 0x00, 0x80,
    0x1F, 0xFF, 0x01, 0x00, 0xFF, 0x7F, 0xC0, 0xFF, 0x3F, 0x7E, 0x00, 0x00, 0x00, 0x80, 0x8F, 0xFF,
    0x01, 0x00, 0xFF, 0x3F, 0x00, 0xE0, 0x7F, 0x3C, 0x00, 0x00, 0x00, 0x00, 0xCF, 0xFF, 0x00, 0x00,
    0xFE, 0x3F, 0x01, 0xE0, 0xFF, 0x3C, 0x00, 0x00, 0x00, 0x00, 0xFE, 0x7F, 0xF0, 0x07, 0xFE, 0x9F,
    0x07, 0xC0, 0xFF, 0x1F, 0x00, 0x00, 0x00, 0x00, 0xFC, 0x3F, 0xFC, 0x1F, 0xFE, 0x9F, 0x1F, 0x80,
    0xFF, 0x0F, 0x00, 0x00, 0x00, 0x00, 0xFC, 0x1F, 0xFE, 0x3F, 0xFE, 0x1F, 0x7F, 0x00, 0xFF, 0x0F,
    0x00, 0x00, 0x00, 0x00, 0xFE, 0x0F, 0x07, 0x30, 0xFE, 0x1F, 0xFC, 0x0F, 0xFE, 0x1F, 0x00, 0x00,
    0x00, 0x80, 0xFF, 0x0F, 0x01, 0x03, 0xFE, 0x1F, 0xC0, 0x03, 0xFC, 0x7F, 0x00, 0x00, 0x00, 0xC0,
    0xFF, 0x07, 0xE0, 0x0F, 0xFE, 0x1F, 0xFC, 0x00, 0xF8, 0xFF, 0x00, 0x00, 0x00, 0xF0, 0xC7, 0x0F,
    0x70, 0x3E, 0xFE, 0x0F, 0xCE, 0x03, 0xFE, 0xF8, 0x03, 0x00, 0x00, 0xF8, 0xE1, 0x3F, 0x38, 0x3F,
    0xFC, 0x0F, 0xE3, 0x07, 0xFF, 0xE1, 0x07, 0x00, 0x00, 0xF0, 0xC1, 0x3F, 0x98, 0x7C, 0xEC, 0x8D,
    0x91, 0x8F, 0xFF, 0xE0, 0x03, 0x00, 0x00, 0xE0, 0x03, 0x3F, 0x8C, 0x7C, 0xC6, 0x98, 0x98, 0x0F,
    0x3F, 0xF8, 0x01, 0x00, 0x00, 0xC0, 0x8F, 0x1F, 0xCC, 0x7F, 0xC0, 0x80, 0xF8, 0x0F, 0x7E, 0xFC,
    0x00, 0x00, 0x00, 0x80, 0x8F, 0x1F, 0xCC, 0x7F, 0x00, 0xC0, 0xF8, 0x0F, 0x7E, 0x7C, 0x00, 0x00,
    0x00, 0xC0, 0xC7, 0x1F, 0xCC, 0x7F, 0x00, 0xC0, 0xF8, 0x0F, 0xFE, 0xF8, 0x00, 0x00, 0x00, 0xE0,
    0xE3, 0x1F, 0x8C, 0x7F, 0x00, 0xC0, 0xF8, 0x0F, 0xFE, 0xF1, 0x01, 0x00, 0x00, 0xF0, 0xF1, 0x38,
    0x98, 0x7F, 0x00, 0x80, 0xF0, 0x07, 0xC7, 0xE3, 0x01, 0x00, 0x00, 0xF0, 0x70, 0x37, 0x30, 0x7F,
    0x00, 0x80, 0xE0, 0x03, 0xBB, 0xC3, 0x03, 0x00, 0x00, 0x78, 0x00, 0x2F, 0x00, 0x00, 0x00, 0x00,
    0x00, 0x80, 0x3D, 0x80, 0x07, 0x00, 0x00, 0x3C, 0x00, 0x6D, 0x00, 0x00, 0x00, 0x00, 0x00, 0x80,
    0x2D, 0x00, 0x0F, 0x00, 0x00, 0xFC, 0x00, 0xCF, 0x00, 0x00, 0x00, 0x00, 0x00, 0xC0, 0x3C, 0xC0,
    0x0F, 0x00, 0x00, 0xF0, 0x03, 0x98, 0x03, 0x00, 0x00, 0x00, 0x00, 0x70, 0x06, 0xF0, 0x03, 0x00,
    0x00, 0xE0, 0x0F, 0xB8, 0x0F, 0x00, 0x00, 0x00, 0x00, 0x7C, 0x03, 0xFC, 0x01, 0x00, 0x00, 0x80,
    0x7F, 0x30, 0x00, 0x00, 0x00, 0x00, 0x00, 0x00, 0x83, 0x7F, 0x00, 0x00, 0x00, 0x00, 0xFF, 0x60,
    0x00, 0x00, 0xF8, 0x07, 0x00, 0x80, 0xC1, 0x3F, 0x00, 0x00, 0x00, 0x00, 0x7C, 0x00, 0x00, 0x00,
    0xFE, 0x1F, 0x00, 0x00, 0x80, 0x0F, 0x00, 0x00, 0x00, 0x00, 0x3C, 0x00, 0x00, 0x00, 0x83, 0x3F,
    0x00, 0x00, 0x00, 0x0F, 0x00, 0x00, 0x00, 0x00, 0x1E, 0x00, 0x00, 0x00, 0xFF, 0x3F, 0x00, 0x00,
    0x00, 0x1E, 0x00, 0x00, 0x00, 0x00, 0x0F, 0x00, 0x00, 0x00, 0xFF, 0x3F, 0x00, 0x00, 0x00, 0x3C,
    0x00, 0x00, 0x00, 0x80, 0x3F, 0x00, 0x00, 0x00, 0xFF, 0x3F, 0x00, 0x00, 0x00, 0x7F, 0x00, 0x00,
    0x00, 0x00, 0xFF, 0x07, 0x00, 0x00, 0xFF, 0x1F, 0x00, 0x00, 0xF8, 0x3F, 0x00, 0x00, 0x00, 0x00,
    0xFC, 0x3F, 0x00, 0x00, 0xFE, 0x1F, 0x00, 0x00, 0xFF, 0x0F, 0x00, 0x00, 0x00, 0x00, 0xE0, 0x0F,
    0x00, 0x00, 0xFC, 0x0F, 0x00, 0x00, 0xFC, 0x01, 0x00, 0x00, 0x00, 0x00, 0x80, 0x07, 0x00, 0x00,
    0xF8, 0x07, 0x00, 0x00, 0x78, 0x00, 0x00, 0x00, 0x00, 0x00, 0xC0, 0x07, 0x00, 0x00, 0xE0, 0x01,
    0x00, 0x00, 0xF8, 0x00, 0x00, 0x00, 0x00, 0x00, 0xC0, 0x7F, 0x00, 0x00, 0xC0, 0x00, 0x00, 0x80,
    0xFF, 0x00, 0x00, 0x00, 0x00, 0x00, 0xC0, 0xFF, 0x03, 0x00, 0xC0, 0x00, 0x00, 0xF0, 0xFF, 0x00,
    0x00, 0x00, 0x00, 0x00, 0x00, 0xFC, 0x0F, 0x00, 0xC0, 0x00, 0x00, 0xFC, 0x0F, 0x00, 0x00, 0x00,
    0x00, 0x00, 0x00, 0xC0, 0x07, 0x00, 0xC0, 0x01, 0x00, 0xF8, 0x00, 0x00, 0x00, 0x00, 0x00, 0x00,
    0x00, 0x00, 0x07, 0x00, 0xE0, 0x03, 0x00, 0x38, 0x00, 0x00, 0x00, 0x00, 0x00, 0x00, 0x00, 0x80,
    0x37, 0x00, 0xF0, 0x03, 0x00, 0x7B, 0x00, 0x00, 0x00, 0x00, 0x00, 0x00, 0x00, 0x80, 0xFF, 0x00,
    0x30, 0x00, 0xC0, 0x7F, 0x00, 0x00, 0x00, 0x00, 0x00, 0x00, 0x00, 0x80, 0xFF, 0x01, 0x00, 0x00,
    0xE0, 0x7F, 0x00, 0x00, 0x00, 0x00, 0x00, 0x00, 0x00, 0x80, 0xEF, 0x03, 0x00, 0x00, 0xF0, 0x7D,
    0x00, 0x00, 0x00, 0x00, 0x00, 0x00, 0x00, 0x00, 0xC0, 0x07, 0x00, 0x00, 0xF8, 0x00, 0x00, 0x00,
    0x00, 0x00, 0x00, 0x00, 0x00, 0x00, 0x80, 0xCF, 0x00, 0xC0, 0x7C, 0x00, 0x00, 0x00, 0x00, 0x00,
    0x00, 0x00, 0x00, 0x00, 0x00, 0xFE, 0x01, 0xE0, 0x1F, 0x00, 0x00, 0x00, 0x00, 0x00, 0x00, 0x00,
    0x00, 0x00, 0x00, 0xFC, 0x07, 0xF8, 0x0F, 0x00, 0x00, 0x00, 0x00, 0x00, 0x00, 0x00, 0x00, 0x00,
    0x00, 0xF8, 0x3F, 0xFF, 0x07, 0x00, 0x00, 0x00, 0x00, 0x00, 0x00, 0x00, 0x00, 0x00, 0x00, 0xE0,
    0xFF, 0xFF, 0x01, 0x00, 0x00, 0x00, 0x00, 0x00, 0x00, 0x00, 0x00, 0x00, 0x00, 0x80, 0xF9, 0x67,
    0x00, 0x00, 0x00, 0x00, 0x00, 0x00, 0x00, 0x00, 0x00, 0x00, 0x00, 0x00, 0xE0, 0x01, 0x00, 0x00,
    0x00, 0x00, 0x00, 0x00, 0x00, 0x00, 0x00, 0x00, 0x00, 0x00, 0x00, 0x00, 0x00, 0x00, 0x00, 0x00,
    0x00, 0x00, 0x00, 0x00, 0x00, 0x00, 0x00, 0x00, 0x00, 0x00, 0x00, 0x00, 0x00, 0x00, 0x00, 0x00,
    0x00, 0x00, 0x00, 0x00, 0x00, 0x00, 0x00, 0x00, 0x00, 0x00, 0x00, 0x00, 0x00, 0x00, 0x00, 0x00,
    0x00, 0x00, 0x00, 0x00, 0x00, 0x00, 0x00, 0x00, 0x00, 0x00, 0x00, 0x00, 0x00, 0x00, 0x00, 0x00,
    0x00, 0x00, 0x00, 0x00, 0x00, 0x00, 0x00, 0x00, 0x00, 0x00, 0x00, 0x00, 0x00, 0x00, 0x00, 0x00,
    0x00, 0x00, 0x00, 0x00, 0x00, 0x00, 0x00, 0x00, 0x00, 0x00, 0x00, 0x00, 0x00, 0x00, 0x00, 0x00,
    0x00, 0x00, 0x00, 0x00, 0x00, 0x00, 0x00, 0x00, 0x00, 0x00, 0x00, 0x00, 0x00, 0x00, 0x00, 0x00,
    0x00, 0x00, 0x00, 0x00
};

const unsigned char face_curious_2[] PROGMEM = {
    0x00, 0x00, 0x00, 0x00, 0x00, 0x00, 0x00, 0x00, 0x00, 0x00, 0x00, 0x00, 0x00, 0x00, 0x00, 0x00,
    0x00, 0x00, 0x00, 0x00, 0x00, 0x00, 0x00, 0x00, 0x00, 0x00, 0x00, 0x00, 0x00, 0x00, 0x00, 0x00,
    0x00, 0x00, 0x00, 0x00, 0x00, 0x00, 0x00, 0x00, 0x00, 0x00, 0x00, 0x00, 0x00, 0x00, 0x00, 0x00,
    0x00, 0x00, 0x00, 0x00, 0x00, 0x00, 0x00, 0x00, 0x00, 0x00, 0x00, 0x00, 0x00, 0x00, 0x00, 0x00,
    0x00, 0x00, 0x00, 0x00, 0x00, 0x00, 0x00, 0x00, 0x00, 0x00, 0x00, 0x00, 0x00, 0x00, 0x00, 0x00,
    0x00, 0x00, 0x00, 0x00, 0x00, 0x00, 0x00, 0x06, 0x00, 0x00, 0x00, 0x00, 0x00, 0x00, 0x18, 0x00,
    0x00, 0x00, 0x00, 0x00, 0x80, 0x0F, 0x00, 0x00, 0x00, 0x00, 0x00, 0x00, 0x7C, 0x00, 0x00, 0x00,
    0x00, 0x00, 0xC0, 0x3F, 0x00, 0x00, 0x00, 0x00, 0x00, 0x00, 0xFE, 0x00, 0x00, 0x00, 0x00, 0x00,
    0xE0, 0x7F, 0x00, 0x00, 0x00, 0x00, 0x00, 0x00, 0xFF, 0x01, 0x00, 0x00, 0x00, 0x00, 0xE0, 0xF9,
    0x00, 0x00, 0x00, 0x00, 0x00, 0xC0, 0xC7, 0x03, 0x00, 0x00, 0x00, 0x00, 0x70, 0xF0, 0x01, 0x00,
    0x00, 0x00, 0x00, 0xE0, 0x83, 0x03, 0x00, 0x00, 0x00, 0x00, 0x70, 0xE0, 0x03, 0x00, 0x00, 0x00,
    0x00, 0xE0, 0x81, 0x03, 0x00, 0x00, 0x00, 0x00, 0x70, 0xC0, 0x03, 0x00, 0x00, 0x00, 0x00, 0xF0,
    0x80, 0x03, 0x00, 0x00, 0x00, 0x00, 0x38, 0x80, 0x07, 0x00, 0x00, 0x00, 0x00, 0x78, 0x80, 0x07,
    0x00, 0x00, 0x00, 0x00, 0x38, 0x06, 0x0F, 0x00, 0x00, 0x00, 0x00, 0x3C, 0x18, 0x07, 0x00, 0x00,
    0x00, 0x00, 0x38, 0x0E, 0x1E, 0x00, 0x00, 0x00, 0x00, 0x1E, 0x1C, 0x07, 0x00, 0x00, 0x00, 0x00,
    0x38, 0x1E, 0x3C, 0x00, 0x00, 0x00, 0x00, 0x0F, 0x1E, 0x07, 0x00, 0x00, 0x00, 0x00, 0x3C, 0x1F,
    0x78, 0x00, 0x00, 0x00, 0x80, 0x07, 0x3E, 0x07, 0x00, 0x00, 0x00, 0x00, 0x1C, 0x3F, 0xF0, 0x00,
    0x00, 0x00, 0xC0, 0x03, 0x3F, 0x0E, 0x00, 0x00, 0x00, 0x00, 0x1C, 0x7F, 0xF0, 0x00, 0x00, 0x00,
    0xC0, 0x83, 0x3F, 0x0E, 0x00, 0x00, 0x00, 0x00, 0x1C, 0xFF, 0xE0, 0x09, 0x00, 0x00, 0xE4, 0xC1,
    0x3F, 0x0E, 0x00, 0x00, 0x00, 0x00, 0x1C, 0xFF, 0xC0, 0x1F, 0x00, 0x00, 0xFE, 0xC0, 0x3F, 0x0E,
    0x00, 0x00, 0x00, 0x00, 0x9C, 0xFF, 0x81, 0x3F, 0x00, 0x00, 0x7F, 0xE0, 0x7F, 0x0E, 0x00, 0x00,
    0x00, 0x00, 0x8E, 0xFF, 0x81, 0x7F, 0x00, 0x80, 0x7F, 0xE0, 0x7F, 0x0E, 0x00, 0x00, 0x00, 0x00,
    0x8E, 0xFF, 0x03, 0xFF, 0xF0, 0xC3, 0x3F, 0xF0, 0x7F, 0x1C, 0x00, 0x00, 0x00, 0x00, 0x8E, 0xFF,
    0x07, 0xEE, 0xFF, 0xFF, 0x1D, 0xF8, 0x7F, 0x1C, 0x00, 0x00, 0x00, 0x00, 0x8E, 0xFF, 0x07, 0xCE,
    0xFF, 0xFF, 0x1E, 0xF8, 0x7F, 0x1C, 0x00, 0x00, 0x00, 0x00, 0x8E, 0xBF, 0x07, 0xDC, 0xFF, 0xFF,
    0x0E, 0x7C, 0x7F, 0x1C, 0x00, 0x00, 0x00, 0x00, 0x8E, 0x3F, 0x0F, 0x9C, 0x3F, 0x7F, 0x0E, 0x3C,
    0x7F, 0x1C, 0x00, 0x00, 0x00, 0x00, 0x8E, 0x3F, 0x0C, 0xF8, 0x3F, 0xFF, 0x07, 0x8C, 0x7F, 0x1C,
    0x00, 0x00, 0x00, 0x00, 0x8E, 0x7F, 0x18, 0xF8, 0x3F, 0xFF, 0x07, 0x86, 0x7F, 0x1C, 0x00, 0x00,
    0x00, 0x00, 0x8E, 0x7F, 0x10, 0xFE, 0x3F, 0xFF, 0x1F, 0x82, 0x7F, 0x1C, 0x00, 0x00, 0x00, 0x00,
    0x8E, 0x5F, 0x80, 0xFF, 0x3F, 0xFF, 0x7F, 0xC0, 0x7E, 0x1C, 0x00, 0x00, 0x00, 0x00, 0x8E, 0x1F,
    0xC0, 0xFF, 0x3F, 0xFF, 0xFF, 0x00, 0x7E, 0x1C, 0x00, 0x00, 0x00, 0x00, 0x8E, 0x3F, 0xF0, 0xFF,
    0xDF, 0xFE, 0xFF, 0x03, 0x7F, 0x1C, 0x00, 0x00, 0x00, 0x80, 0x8F, 0x3F, 0xF8, 0xFF, 0xDF, 0xFE,
    0xFF, 0x87, 0x7F, 0x7C, 0x00, 0x00, 0x00, 0x80, 0x8F, 0x7F, 0xFE, 0xFF, 0xDF, 0xFE, 0xFF, 0x9F,
    0x3F, 0x7C, 0x00, 0x00, 0x00, 0x80, 0x0F, 0x0F, 0xFE, 0x3F, 0x3E, 0x1F, 0xFF, 0x1F, 0x3E, 0x7E,
    0x00, 0x00, 0x00, 0x80, 0x1F, 0x0F, 0xFE, 0x3F, 0x3E, 0x1F, 0xFF, 0x1F, 0x3E, 0x7E, 0x00, 0x00,
    0x00, 0x80, 0x03, 0x1F, 0xFF, 0x7F, 0x3E, 0x9F, 0xFF, 0x3F, 0x3E, 0x30, 0x00, 0x00, 0x00, 0x00,
    0x07, 0x9F, 0xFF, 0xFF, 0x3E, 0xDF, 0xFF, 0x7F, 0x1E, 0x38, 0x00, 0x00, 0x00, 0x00, 0x07, 0xFE,
    0xFF, 0xFF, 0x3D, 0xEF, 0xFF, 0xFF, 0x1F, 0x38, 0x00, 0x00, 0x00, 0x00, 0x07, 0xFE, 0xFF, 0xFF,
    0x3B, 0xF7, 0xFF, 0xFF, 0x1F, 0x38, 0x00, 0x00, 0x00, 0x00, 0x87, 0xFE, 0xFF, 0xFF, 0x37, 0xFB,
    0xFF, 0xFF, 0x4F, 0x1C, 0x00, 0x00, 0x00, 0x00, 0x8F, 0xFF, 0x7F, 0xF8, 0xF7, 0xF9, 0x03, 0xFF,
    0x7F, 0x1C, 0x00, 0x00, 0x00, 0x00, 0x8E, 0xFF, 0x0F, 0xE0, 0xF7, 0xF9, 0x01, 0xFC, 0x7F, 0x1C,
    0x00, 0x00, 0x00, 0x00, 0x8E, 0xFF, 0x07, 0xC0, 0xF7, 0xF9, 0x00, 0xF0, 0x3F, 0x1E, 0x00, 0x00,
    0x00, 0x80, 0x1F, 0xFF, 0x01, 0x80, 0xE7, 0x79, 0x00, 0xE0, 0x3F, 0x3E, 0x00, 0x00, 0x00, 0x80,
    0x1F, 0xFF, 0xE0, 0x81, 0xFF, 0x3F, 0xF0, 0xE3, 0x3F, 0x7E, 0x00, 0x00, 0x00, 0x00, 0x8F, 0xFF,
    0xF9, 0x07, 0xFF, 0x3F, 0xFC, 0xE7, 0x7F, 0x3C, 0x00, 0x00, 0x00, 0x00, 0xCF, 0xFF, 0xFC, 0x0F,
    0xFF, 0x3F, 0xFC, 0xCF, 0xFF, 0x3E, 0x00, 0x00, 0x00, 0x00, 0xFE, 0x7F, 0x0E, 0x0C, 0xFE, 0x1F,
    0x06, 0x8C, 0xFF, 0x1F, 0x00, 0x00, 0x00, 0x00, 0xFC, 0x3F, 0x02, 0x00, 0xFE, 0x1F, 0x00, 0x00,
    0xFF, 0x0F, 0x00, 0x00, 0x00, 0x00, 0xFC, 0x1F, 0x00, 0x00, 0xFE, 0x1F, 0x00, 0x00, 0xFE, 0x0F,
    0x00, 0x00, 0x00, 0x00, 0xFE, 0x0F, 0x00, 0x00, 0xFE, 0x1F, 0x00, 0x00, 0xFE, 0x1F, 0x00, 0x00,
    0x00, 0x80, 0xFF, 0x0F, 0xC0, 0x07, 0xFE, 0x1F, 0x78, 0x00, 0xFC, 0x7F, 0x00, 0x00, 0x00, 0xC0,
    0xDF, 0x07, 0xE0, 0x0F, 0xFE, 0x0F, 0xFC, 0x01, 0xF8, 0xFE, 0x00, 0x00, 0x00, 0xF0, 0xC7, 0x0F,
    0x70, 0x1E, 0xFC, 0x0F, 0xC6, 0x03, 0xFE, 0xF8, 0x03, 0x00, 0x00, 0xF8, 0xE1, 0x3F, 0x18, 0x3F,
    0xFC, 0x0F, 0xF3, 0x07, 0xFF, 0xE1, 0x07, 0x00, 0x00, 0xF0, 0xC1, 0x3F, 0x8C, 0x3C, 0xEC, 0x8D,
    0x99, 0x87, 0xFF, 0xE0, 0x03, 0x00, 0x00, 0xE0, 0x03, 0x3F, 0xCC, 0x7C, 0xC6, 0x88, 0x89, 0x0F,
    0x3F, 0xF8, 0x01, 0x00, 0x00, 0xC0, 0x0F, 0x1F, 0xCC, 0x7F, 0xC0, 0x80, 0xD8, 0x0F, 0x3E, 0xFC,
    0x00, 0x00, 0x00, 0x80, 0x8F, 0x1F, 0xCC, 0x7F, 0x00, 0x80, 0xF8, 0x0F, 0x7E, 0x7C, 0x00, 0x00,
    0x00, 0xC0, 0xC7, 0x1F, 0xCC, 0x7F, 0x00, 0x80, 0xF8, 0x0F, 0xFE, 0xF8, 0x00, 0x00, 0x00, 0xC0,
    0xE3, 0x1F, 0x8C, 0x7F, 0x00, 0x80, 0xF8, 0x0F, 0xFE, 0xF1, 0x00, 0x00, 0x00, 0xE0, 0xE1, 0x38,
    0x88, 0x7F, 0x00, 0x80, 0xF0, 0x07, 0xC7, 0xE1, 0x01, 0x00, 0x00, 0xF0, 0x70, 0x36, 0x10, 0x3F,
    0x00, 0x00, 0xE1, 0x03, 0x9B, 0xC3, 0x03, 0x00, 0x00, 0x78, 0x00, 0x2F, 0x00, 0x00, 0x00, 0x00,
    0x00, 0x80, 0x3D, 0x80, 0x07, 0x00, 0x00, 0x3C, 0x00, 0x6D, 0x00, 0x00, 0x00, 0x00, 0x00, 0x80,
    0x2D, 0x00, 0x0F, 0x00, 0x00, 0xFC, 0x00, 0xCF, 0x00, 0x00, 0x00, 0x00, 0x00, 0xC0, 0x3C, 0xC0,
    0x0F, 0x00, 0x00, 0xF0, 0x01, 0xDC, 0x01, 0x00, 0x00, 0x00, 0x00, 0x60, 0x06, 0xE0, 0x03, 0x00,
    0x00, 0xE0, 0x07, 0x98, 0x0F, 0x00, 0x00, 0x00, 0x00, 0x7C, 0x03, 0xFC, 0x01, 0x00, 0x00, 0xC0,
    0x3F, 0x30, 0x0C, 0x00, 0xC0, 0x00, 0x00, 0x0C, 0x03, 0x7F, 0x00, 0x00, 0x00, 0x00, 0xFF, 0x60,
    0x00, 0x00, 0xFE, 0x0F, 0x00, 0x80, 0xC1, 0x3F, 0x00, 0x00, 0x00, 0x00, 0x7C, 0x00, 0x00, 0x00,
    0xC7, 0x3F, 0x00, 0x00, 0x80, 0x0F, 0x00, 0x00, 0x00, 0x00, 0x3C, 0x00, 0x00, 0x00, 0xC1, 0x3F,
    0x00, 0x00, 0x00, 0x0F, 0x00, 0x00, 0x00, 0x00, 0x1E, 0x00, 0x00, 0x00, 0xFF, 0x3F, 0x00, 0x00,
    0x00, 0x1E, 0x00, 0x00, 0x00, 0x00, 0x0F, 0x00, 0x00, 0x00, 0xFF, 0x3F, 0x00, 0x00, 0x00, 0x3C,
    0x00, 0x00, 0x00, 0x80, 0x1F, 0x00, 0x00, 0x00, 0xFF, 0x3F, 0x00, 0x00, 0x00, 0x7F, 0x00, 0x00,
    0x00, 0x80, 0xFF, 0x03, 0x00, 0x00, 0xFE, 0x1F, 0x00, 0x00, 0xF0, 0x7F, 0x00, 0x00, 0x00, 0x00,
    0xFC, 0x1F, 0x00, 0x00, 0xFC, 0x0F, 0x00, 0x00, 0xFF, 0x0F, 0x00, 0x00, 0x00, 0x00, 0xF0, 0x0F,
    0x00, 0x00, 0xF8, 0x07, 0x00, 0x00, 0xFE, 0x01, 0x00, 0x00, 0x00, 0x00, 0x80, 0x07, 0x00, 0x00,
    0xF0, 0x03, 0x00, 0x00, 0x78, 0x00, 0x00, 0x00, 0x00, 0x00, 0x80, 0x07, 0x00, 0x1C, 0xC0, 0x00,
    0x0E, 0x00, 0x78, 0x00, 0x00, 0x00, 0x00, 0x00, 0xC0, 0x7F, 0x00, 0x1C, 0xC0, 0x00, 0x0E, 0x80,
    0xFF, 0x00, 0x00, 0x00, 0x00, 0x00, 0xC0, 0xFF, 0x03, 0x30, 0xC0, 0x00, 0x03, 0xF0, 0xFF, 0x00,
    0x00, 0x00, 0x00, 0x00, 0x00, 0xFE, 0x07, 0x60, 0xC0, 0x80, 0x01, 0xFC, 0x1F, 0x00, 0x00, 0x00,
    0x00, 0x00, 0x00, 0xE0, 0x07, 0xC0, 0xE3, 0xF1, 0x00, 0xF8, 0x00, 0x00, 0x00, 0x00, 0x00, 0x00,
    0x00, 0x00, 0x07, 0x80, 0xFF, 0x3F, 0x00, 0x38, 0x00, 0x00, 0x00, 0x00, 0x00, 0x00, 0x00, 0x80,
    0x03, 0x00, 0x08, 0x04, 0x00, 0x38, 0x00, 0x00, 0x00, 0x00, 0x00, 0x00, 0x00, 0x80, 0xFF, 0x00,
    0x00, 0x00, 0xC0, 0x7F, 0x00, 0x00, 0x00, 0x00, 0x00, 0x00, 0x00, 0x80, 0xFF, 0x00, 0x00, 0x00,
    0xE0, 0x7F, 0x00, 0x00, 0x00, 0x00, 0x00, 0x00, 0x00, 0x80, 0xFF, 0x03, 0x00, 0x00, 0xF0, 0x7F,
    0x00, 0x00, 0x00, 0x00, 0x00, 0x00, 0x00, 0x00, 0xC0, 0x07, 0x00, 0x00, 0xF8, 0x00, 0x00, 0x00,
    0x00, 0x00, 0x00, 0x00, 0x00, 0x00, 0x80, 0x4F, 0x00, 0x80, 0x7C, 0x00, 0x00, 0x00, 0x00, 0x00,
    0x00, 0x00, 0x00, 0x00, 0x00, 0xDF, 0x01, 0xE0, 0x3E, 0x00, 0x00, 0x00, 0x00, 0x00, 0x00, 0x00,
    0x00, 0x00, 0x00, 0xFC, 0x07, 0xF8, 0x0F, 0x00, 0x00, 0x00, 0x00, 0x00, 0x00, 0x00, 0x00, 0x00,
    0x00, 0xF8, 0x1F, 0xFE, 0x07, 0x00, 0x00, 0x00, 0x00, 0x00, 0x00, 0x00, 0x00, 0x00, 0x00, 0xE0,
    0xFF, 0xFF, 0x01, 0x00, 0x00, 0x00, 0x00, 0x00, 0x00, 0x00, 0x00, 0x00, 0x00, 0xC0, 0xF9, 0xE7,
    0x00, 0x00, 0x00, 0x00, 0x00, 0x00, 0x00, 0x00, 0x00, 0x00, 0x00, 0x00, 0xE0, 0x01, 0x00, 0x00,
    0x00, 0x00, 0x00, 0x00, 0x00, 0x00, 0x00, 0x00, 0x00, 0x00, 0x00, 0x00, 0x00, 0x00, 0x00, 0x00,
    0x00, 0x00, 0x00, 0x00, 0x00, 0x00, 0x00, 0x00, 0x00, 0x00, 0x00, 0x00, 0x00, 0x00, 0x00, 0x00,
    0x00, 0x00, 0x00, 0x00, 0x00, 0x00, 0x00, 0x00, 0x00, 0x00, 0x00, 0x00, 0x00, 0x00, 0x00, 0x00,
    0x00, 0x00, 0x00, 0x00, 0x00, 0x00, 0x00, 0x00, 0x00, 0x00, 0x00, 0x00, 0x00, 0x00, 0x00, 0x00,
    0x00, 0x00, 0x00, 0x00, 0x00, 0x00, 0x00, 0x00, 0x00, 0x00, 0x00, 0x00, 0x00, 0x00, 0x00, 0x00,
    0x00, 0x00, 0x00, 0x00, 0x00, 0x00, 0x00, 0x00, 0x00, 0x00, 0x00, 0x00, 0x00, 0x00, 0x00, 0x00,
    0x00, 0x00, 0x00, 0x00, 0x00, 0x00, 0x00, 0x00, 0x00, 0x00, 0x00, 0x00, 0x00, 0x00, 0x00, 0x00,
    0x00, 0x00, 0x00, 0x00
};

const unsigned char face_foxfound[] PROGMEM = {
    0x00, 0x00, 0x00, 0x00, 0x00, 0x00, 0x00, 0x00, 0x00, 0x00, 0x00, 0x00, 0x00, 0x00, 0x00, 0x00,
    0x00, 0x00, 0x00, 0x00, 0x00, 0x00, 0x00, 0x00, 0x00, 0x00, 0x00, 0x00, 0x00, 0x00, 0x00, 0x00,
    0x00, 0x00, 0x00, 0x00, 0x00, 0x00, 0x00, 0x00, 0x00, 0x00, 0x00, 0x00, 0x00, 0x00, 0x00, 0x00,
    0x00, 0x00, 0x00, 0x00, 0x00, 0x00, 0x00, 0x00, 0x00, 0x00, 0x00, 0x00, 0x00, 0x00, 0x00, 0x00,
    0x00, 0x00, 0x00, 0x00, 0x00, 0x00, 0x00, 0x00, 0x00, 0x00, 0x00, 0x00, 0x00, 0x00, 0x00, 0x00,
    0x00, 0x00, 0x00, 0x00, 0x00, 0x00, 0x00, 0x06, 0x00, 0x00, 0x00, 0x00, 0x00, 0x00, 0x18, 0x00,
    0x00, 0x00, 0x00, 0x00, 0x00, 0x0F, 0x00, 0x00, 0x00, 0x00, 0x00, 0x00, 0x3C, 0x00, 0x00, 0x00,
    0x00, 0x00, 0x80, 0x1F, 0x00, 0x00, 0x00, 0x00, 0x00, 0x00, 0x7E, 0x00, 0x00, 0x00, 0x00, 0x00,
    0x80, 0x3F, 0x00, 0x00, 0x00, 0x00, 0x00, 0x00, 0x7F, 0x00, 0x00, 0x00, 0x00, 0x00, 0xC0, 0x7B,
    0x00, 0x00, 0x00, 0x00, 0x00, 0x80, 0xE7, 0x00, 0x00, 0x00, 0x00, 0x00, 0xC0, 0xF1, 0x00, 0x00,
    0x00, 0x00, 0x00, 0xC0, 0xE3, 0x00, 0x00, 0x00, 0x00, 0x00, 0xC0, 0xE1, 0x01, 0x00, 0x00, 0x00,
    0x00, 0xE0, 0xE1, 0x00, 0x00, 0x00, 0x00, 0x00, 0xE0, 0xC0, 0x03, 0x00, 0x00, 0x00, 0x00, 0xF0,
    0xC0, 0x01, 0x00, 0x00, 0x00, 0x00, 0xE0, 0x80, 0x07, 0x00, 0x00, 0x00, 0x00, 0x78, 0xC0, 0x01,
    0x00, 0x00, 0x00, 0x00, 0xE0, 0x04, 0x0F, 0x00, 0x00, 0x00, 0x00, 0x3C, 0xC8, 0x01, 0x00, 0x00,
    0x00, 0x00, 0x60, 0x0C, 0x0E, 0x00, 0x00, 0x00, 0x00, 0x1C, 0x8C, 0x03, 0x00, 0x00, 0x00, 0x00,
    0x70, 0x1C, 0x1C, 0x00, 0x00, 0x00, 0x00, 0x1E, 0x8E, 0x03, 0x00, 0x00, 0x00, 0x00, 0x70, 0x3C,
    0x3C, 0x00, 0x00, 0x00, 0x00, 0x0F, 0x8F, 0x03, 0x00, 0x00, 0x00, 0x00, 0x70, 0x3E, 0x78, 0x00,
    0x00, 0x00, 0x80, 0x07, 0x9F, 0x03, 0x00, 0x00, 0x00, 0x00, 0x70, 0x7E, 0xF0, 0x00, 0x00, 0x00,
    0xC0, 0x83, 0x1F, 0x03, 0x00, 0x00, 0x00, 0x00, 0x30, 0xFE, 0xE0, 0x00, 0x00, 0x00, 0xC0, 0xC1,
    0x1F, 0x07, 0x00, 0x00, 0x00, 0x00, 0x38, 0xFE, 0xE0, 0x0D, 0x00, 0x00, 0xEC, 0xC1, 0x1F, 0x07,
    0x00, 0x00, 0x00, 0x00, 0x38, 0xFE, 0xC1, 0x1F, 0x00, 0x00, 0xFE, 0xE0, 0x1F, 0x07, 0x00, 0x00,
    0x00, 0x00, 0x38, 0xFE, 0x83, 0x7F, 0x00, 0x80, 0x7F, 0xE0, 0x3F, 0x07, 0x00, 0x00, 0x00, 0x00,
    0x38, 0xFF, 0x03, 0xFF, 0x00, 0xC0, 0x7F, 0xF0, 0x3F, 0x07, 0x00, 0x00, 0x00, 0x00, 0x38, 0xFF,
    0x07, 0xFF, 0xFF, 0xFF, 0x3F, 0xF0, 0x3F, 0x07, 0x00, 0x00, 0x00, 0x00, 0x38, 0xFF, 0x07, 0xCE,
    0xFF, 0xFF, 0x1C, 0xF8, 0x3F, 0x06, 0x00, 0x00, 0x00, 0x00, 0x18, 0xBF, 0x07, 0xDE, 0xFF, 0xFF,
    0x1E, 0x78, 0x3F, 0x0E, 0x00, 0x00, 0x00, 0x00, 0x1C, 0x7F, 0x0E, 0x9C, 0x3F, 0x7F, 0x0E, 0x9C,
    0x3F, 0x0E, 0x00, 0x00, 0x00, 0x00, 0x1C, 0x7F, 0x0C, 0xB8, 0x3F, 0x7F, 0x07, 0x8C, 0x3F, 0x0E,
    0x00, 0x00, 0x00, 0x00, 0x1C, 0x7F, 0x18, 0xF8, 0x3F, 0xFF, 0x07, 0x86, 0x3F, 0x0E, 0x00, 0x00,
    0x00, 0x00, 0x1C, 0x7F, 0x10, 0xFE, 0x3F, 0xFF, 0x1F, 0x82, 0x3F, 0x0E, 0x00, 0x00, 0x00, 0x00,
    0x1C, 0xFF, 0x00, 0xFF, 0xBF, 0xFF, 0x3F, 0xC0, 0x3F, 0x0E, 0x00, 0x00, 0x00, 0x00, 0x1C, 0x9F,
    0xC0, 0xFF, 0x3F, 0xFF, 0xFF, 0x40, 0x3E, 0x0E, 0x00, 0x00, 0x00, 0x00, 0x1C, 0x3F, 0xE0, 0xFF,
    0x1F, 0xFE, 0xFF, 0x01, 0x3F, 0x0E, 0x00, 0x00, 0x00, 0x80, 0x1D, 0x3F, 0xF8, 0xFF, 0xDF, 0xFE,
    0xFF, 0x07, 0x3F, 0x6E, 0x00, 0x00, 0x00, 0x80, 0x1F, 0x3F, 0xFC, 0xFF, 0xDF, 0xFE, 0xFF, 0x0F,
    0x3F, 0x7E, 0x00, 0x00, 0x00, 0x80, 0x1F, 0x3F, 0xFE, 0x7F, 0x3E, 0x9F, 0xFF, 0x1F, 0x3F, 0x7E,
    0x00, 0x00, 0x00, 0x80, 0x1F, 0x0F, 0xFE, 0x3F, 0x3E, 0x1F, 0xFF, 0x1F, 0x3C, 0x7E, 0x00, 0x00,
    0x00, 0x80, 0x1B, 0x0E, 0xFE, 0x7F, 0x3E, 0x9F, 0xFF, 0x1F, 0x1C, 0x76, 0x00, 0x00, 0x00, 0x80,
    0x03, 0x9E, 0xFF, 0xFF, 0x3E, 0xDF, 0xFF, 0x7F, 0x1E, 0x30, 0x00, 0x00, 0x00, 0x00, 0x07, 0xDE,
    0xFF, 0xFF, 0x3D, 0xEF, 0xFF, 0xFF, 0x1E, 0x38, 0x00, 0x00, 0x00, 0x00, 0x07, 0xFE, 0xFF, 0xFF,
    0x3B, 0xF7, 0xFF, 0xFF, 0x1F, 0x38, 0x00, 0x00, 0x00, 0x00, 0x07, 0xFE, 0xFF, 0xF1, 0x37, 0xFB,
    0xE3, 0xFF, 0x1F, 0x38, 0x00, 0x00, 0x00, 0x00, 0x87, 0xFF, 0xFF, 0xC3, 0xE7, 0xF9, 0xF0, 0xFF,
    0x7F, 0x3C, 0x00, 0x00, 0x00, 0x00, 0x8E, 0xFF, 0x1F, 0x80, 0xF7, 0x7D, 0x00, 0xFE, 0x7F, 0x1C,
    0x00, 0x00, 0x00, 0x00, 0x8E, 0xFF, 0x07, 0x00, 0xF7, 0x3D, 0x00, 0xF8, 0x7F, 0x1C, 0x00, 0x00,
    0x00, 0x00, 0x1E, 0xFF, 0x01, 0x00, 0xE6, 0x1D, 0x00, 0xE0, 0x3F, 0x1E, 0x00, 0x00, 0x00, 0x80,
    0x1F, 0xFF, 0x03, 0x00, 0xFE, 0x1F, 0x00, 0xF0, 0x3F, 0x7E, 0x00, 0x00, 0x00, 0x80, 0x0F, 0xFF,
    0xC1, 0x03, 0xFE, 0x1F, 0xE0, 0xE0, 0x3F, 0x3C, 0x00, 0x00, 0x00, 0x00, 0x8F, 0xFF, 0xF0, 0x0F,
    0xFC, 0x0F, 0xFC, 0xC3, 0x7F, 0x3C, 0x00, 0x00, 0x00, 0x00, 0xFE, 0x7F, 0xF8, 0x1F, 0xFC, 0x0F,
    0xFE, 0x87, 0xFF, 0x1F, 0x00, 0x00, 0x00, 0x00, 0xFC, 0x3F, 0x1C, 0x3E, 0xFC, 0x0F, 0x1F, 0x0E,
    0xFF, 0x0F, 0x00, 0x00, 0x00, 0x00, 0xFC, 0x3F, 0x06, 0x70, 0xFC, 0x0F, 0x03, 0x18, 0xFF, 0x0F,
    0x00, 0x00, 0x00, 0x00, 0xFE, 0x1F, 0x02, 0x60, 0xFC, 0x8F, 0x01, 0x00, 0xFE, 0x1F, 0x00, 0x00,
    0x00, 0x80, 0xFF, 0x1F, 0xC0, 0x0F, 0xFC, 0x0F, 0xFC, 0x00, 0xFE, 0x7F, 0x00, 0x00, 0x00, 0xC0,
    0xDF, 0x0F, 0xE0, 0x1C, 0xFC, 0x0F, 0xCE, 0x01, 0xFC, 0xFE, 0x00, 0x00, 0x00, 0xF0, 0xC7, 0x1F,
    0x30, 0x30, 0xFC, 0x0F, 0x03, 0x03, 0xFE, 0xF8, 0x03, 0x00, 0x00, 0xF8, 0xE1, 0x3F, 0x18, 0x64,
    0xFC, 0x8F, 0x09, 0x06, 0xFF, 0xE1, 0x07, 0x00, 0x00, 0xF0, 0xC1, 0x7F, 0x18, 0x5F, 0xEC, 0x8D,
    0x3E, 0x86, 0xFF, 0xE0, 0x03, 0x00, 0x00, 0xE0, 0x03, 0x7F, 0x8C, 0xFD, 0xE4, 0xC8, 0x73, 0x8C,
    0x3F, 0xF0, 0x01, 0x00, 0x00, 0xC0, 0x0F, 0x3F, 0x8C, 0xFD, 0xC0, 0xC0, 0x7B, 0x0C, 0x3F, 0xFC,
    0x00, 0x00, 0x00, 0x80, 0x8F, 0x1F, 0x8C, 0xFF, 0x00, 0xC0, 0x7F, 0x0C, 0x7E, 0x7C, 0x00, 0x00,
    0x00, 0xC0, 0xC7, 0x1F, 0x8C, 0xFF, 0x00, 0xC0, 0x7F, 0x0C, 0xFE, 0xF8, 0x00, 0x00, 0x00, 0xE0,
    0xE3, 0x3F, 0x98, 0xFF, 0x00, 0xC0, 0x7F, 0x06, 0xFF, 0xF1, 0x01, 0x00, 0x00, 0xE0, 0xE1, 0x38,
    0x18, 0x5F, 0x00, 0x80, 0x3E, 0x02, 0xC7, 0xE1, 0x03, 0x00, 0x00, 0xF0, 0x70, 0x37, 0x30, 0x24,
    0x00, 0x00, 0x09, 0x03, 0xBB, 0xC3, 0x03, 0x00, 0x00, 0x78, 0x00, 0x6F, 0x40, 0x10, 0x00, 0x00,
    0x80, 0x80, 0x3D, 0x80, 0x07, 0x00, 0x00, 0x3C, 0x00, 0x6D, 0x00, 0x00, 0x00, 0x00, 0x00, 0x80,
    0x2D, 0x00, 0x0F, 0x00, 0x00, 0xFC, 0x00, 0xCF, 0x00, 0x00, 0x00, 0x00, 0x00, 0xC0, 0x3C, 0xC0,
    0x0F, 0x00, 0x00, 0xF0, 0x03, 0x98, 0x03, 0x00, 0xFC, 0x0F, 0x00, 0x70, 0x06, 0xE0, 0x03, 0x00,
    0x00, 0xE0, 0x0F, 0xB8, 0x0F, 0x00, 0xFF, 0x3F, 0x00, 0x7C, 0x03, 0xFC, 0x01, 0x00, 0x00, 0x80,
    0x7F, 0x30, 0x00, 0x00, 0xC1, 0x3F, 0x00, 0x00, 0x83, 0x7F, 0x00, 0x00, 0x00, 0x00, 0xFF, 0x60,
    0x00, 0x80, 0xFF, 0x3F, 0x00, 0x80, 0xC1, 0x3F, 0x00, 0x00, 0x00, 0x00, 0x7C, 0x00, 0x00, 0x00,
    0xFF, 0x3F, 0x00, 0x00, 0x80, 0x0F, 0x00, 0x00, 0x00, 0x00, 0x3C, 0x00, 0x00, 0x00, 0xFF, 0x3F,
    0x00, 0x00, 0x00, 0x0F, 0x00, 0x00, 0x00, 0x00, 0x1E, 0x00, 0x80, 0x03, 0xFE, 0x1F, 0x70, 0x00,
    0x00, 0x1E, 0x00, 0x00, 0x00, 0x00, 0x0F, 0x00, 0xC0, 0x03, 0xFC, 0x0F, 0xF0, 0x00, 0x00, 0x3C,
    0x00, 0x00, 0x00, 0x80, 0x3F, 0x00, 0x00, 0x03, 0xF8, 0x07, 0x30, 0x00, 0x00, 0x7F, 0x00, 0x00,
    0x00, 0x00, 0xFF, 0x07, 0x00, 0x06, 0xF0, 0x03, 0x18, 0x00, 0xF8, 0x3F, 0x00, 0x00, 0x00, 0x00,
    0xFC, 0x3F, 0x00, 0x0E, 0xC0, 0x00, 0x1C, 0x00, 0xFF, 0x0F, 0x00, 0x00, 0x00, 0x00, 0xE0, 0x0F,
    0x00, 0x1C, 0xC0, 0x00, 0x0E, 0x00, 0xFC, 0x01, 0x00, 0x00, 0x00, 0x00, 0x80, 0x07, 0x00, 0x3C,
    0xE0, 0x01, 0x0F, 0x00, 0x78, 0x00, 0x00, 0x00, 0x00, 0x00, 0x80, 0x07, 0x00, 0xF8, 0xFF, 0xFF,
    0x07, 0x00, 0x78, 0x00, 0x00, 0x00, 0x00, 0x00, 0xC0, 0x7F, 0x00, 0xF8, 0xFF, 0xFF, 0x07, 0x80,
    0xFF, 0x00, 0x00, 0x00, 0x00, 0x00, 0xC0, 0xFF, 0x03, 0xB0, 0xFF, 0x7F, 0x03, 0xF0, 0xFF, 0x00,
    0x00, 0x00, 0x00, 0x00, 0x00, 0xFC, 0x0F, 0xB0, 0xFF, 0x7F, 0x03, 0xFC, 0x0F, 0x00, 0x00, 0x00,
    0x00, 0x00, 0x00, 0xC0, 0x07, 0xE0, 0xFF, 0xFF, 0x01, 0xF8, 0x00, 0x00, 0x00, 0x00, 0x00, 0x00,
    0x00, 0x00, 0x07, 0xE0, 0xC7, 0xF8, 0x01, 0x38, 0x00, 0x00, 0x00, 0x00, 0x00, 0x00, 0x00, 0x00,
    0x37, 0xE0, 0xC1, 0xE0, 0x01, 0x3B, 0x00, 0x00, 0x00, 0x00, 0x00, 0x00, 0x00, 0x80, 0xFF, 0xC0,
    0x01, 0xE0, 0xC0, 0x7F, 0x00, 0x00, 0x00, 0x00, 0x00, 0x00, 0x00, 0x80, 0xFF, 0xC1, 0x01, 0xE0,
    0xE0, 0x7F, 0x00, 0x00, 0x00, 0x00, 0x00, 0x00, 0x00, 0x00, 0xEF, 0x83, 0x03, 0x70, 0xF0, 0x3D,
    0x00, 0x00, 0x00, 0x00, 0x00, 0x00, 0x00, 0x00, 0xC0, 0x8F, 0x03, 0x70, 0xFC, 0x00, 0x00, 0x00,
    0x00, 0x00, 0x00, 0x00, 0x00, 0x00, 0x80, 0x1F, 0x03, 0x30, 0x7E, 0x00, 0x00, 0x00, 0x00, 0x00,
    0x00, 0x00, 0x00, 0x00, 0x00, 0x1E, 0x07, 0x38, 0x1E, 0x00, 0x00, 0x00, 0x00, 0x00, 0x00, 0x00,
    0x00, 0x00, 0x00, 0x3C, 0x1E, 0x1E, 0x0F, 0x00, 0x00, 0x00, 0x00, 0x00, 0x00, 0x00, 0x00, 0x00,
    0x00, 0x78, 0xFC, 0x8F, 0x07, 0x00, 0x00, 0x00, 0x00, 0x00, 0x00, 0x00, 0x00, 0x00, 0x00, 0xE0,
    0xE0, 0xC1, 0x01, 0x00, 0x00, 0x00, 0x00, 0x00, 0x00, 0x00, 0x00, 0x00, 0x00, 0xC0, 0x01, 0xE0,
    0x00, 0x00, 0x00, 0x00, 0x00, 0x00, 0x00, 0x00, 0x00, 0x00, 0x00, 0x80, 0x0F, 0x7C, 0x00, 0x00,
    0x00, 0x00, 0x00, 0x00, 0x00, 0x00, 0x00, 0x00, 0x00, 0x00, 0xFE, 0x1F, 0x00, 0x00, 0x00, 0x00,
    0x00, 0x00, 0x00, 0x00, 0x00, 0x00, 0x00, 0x00, 0xF8, 0x07, 0x00, 0x00, 0x00, 0x00, 0x00, 0x00,
    0x00, 0x00, 0x00, 0x00, 0x00, 0x00, 0x00, 0x00, 0x00, 0x00, 0x00, 0x00, 0x00, 0x00, 0x00, 0x00,
    0x00, 0x00, 0x00, 0x00, 0x00, 0x00, 0x00, 0x00, 0x00, 0x00, 0x00, 0x00, 0x00, 0x00, 0x00, 0x00,
    0x00, 0x00, 0x00, 0x00, 0x00, 0x00, 0x00, 0x00, 0x00, 0x00, 0x00, 0x00, 0x00, 0x00, 0x00, 0x00,
    0x00, 0x00, 0x00, 0x00, 0x00, 0x00, 0x00, 0x00, 0x00, 0x00, 0x00, 0x00, 0x00, 0x00, 0x00, 0x00,
    0x00, 0x00, 0x00, 0x00, 0x00, 0x00, 0x00, 0x00, 0x00, 0x00, 0x00, 0x00, 0x00, 0x00, 0x00, 0x00,
    0x00, 0x00, 0x00, 0x00
};

const unsigned char face_foxfound_2[] PROGMEM = {
    0x00, 0x00, 0x00, 0x00, 0x00, 0x00, 0x00, 0x00, 0x00, 0x00, 0x00, 0x00, 0x00, 0x00, 0x00, 0x00,
    0x00, 0x00, 0x00, 0x00, 0x00, 0x00, 0x00, 0x00, 0x00, 0x00, 0x00, 0x00, 0x00, 0x00, 0x00, 0x00,
    0x00, 0x00, 0x00, 0x00, 0x00, 0x00, 0x00, 0x00, 0x00, 0x00, 0x00, 0x00, 0x00, 0x00, 0x00, 0x00,
    0x00, 0x00, 0x00, 0x00, 0x00, 0x00, 0x00, 0x00, 0x00, 0x00, 0x00, 0x00, 0x00, 0x00, 0x00, 0x00,
    0x00, 0x00, 0x00, 0x00, 0x00, 0x00, 0x00, 0x00, 0x00, 0x00, 0x00, 0x00, 0x00, 0x00, 0x00, 0x00,
    0x00, 0x00, 0x00, 0x00, 0x00, 0x00, 0x00, 0x00, 0x00, 0x00, 0x00, 0x00, 0x00, 0x00, 0x00, 0x00,
    0x00, 0x00, 0x00, 0x00, 0x00, 0x07, 0x00, 0x00, 0x00, 0x00, 0x00, 0x00, 0x18, 0x00, 0x00, 0x00,
    0x00, 0x00, 0x80, 0x0F, 0x00, 0x00, 0x00, 0x00, 0x00, 0x00, 0x7C, 0x00, 0x00, 0x00, 0x00, 0x00,
    0xE0, 0x3F, 0x00, 0x00, 0x00, 0x00, 0x00, 0x00, 0xFE, 0x01, 0x00, 0x00, 0x00, 0x00, 0xF0, 0x7F,
    0x00, 0x00, 0x00, 0x00, 0x00, 0x80, 0xFF, 0x03, 0x00, 0x00, 0x00, 0x00, 0xF0, 0xF8, 0x00, 0x00,
    0x00, 0x00, 0x00, 0xC0, 0xC7, 0x03, 0x00, 0x00, 0x00, 0x00, 0x70, 0xF0, 0x01, 0x00, 0x00, 0x00,
    0x00, 0xE0, 0x83, 0x03, 0x00, 0x00, 0x00, 0x00, 0x78, 0xE0, 0x03, 0x00, 0x00, 0x00, 0x00, 0xF0,
    0x81, 0x03, 0x00, 0x00, 0x00, 0x00, 0x38, 0xC0, 0x07, 0x00, 0x00, 0x00, 0x00, 0xF8, 0x80, 0x07,
    0x00, 0x00, 0x00, 0x00, 0x38, 0x82, 0x0F, 0x00, 0x00, 0x00, 0x00, 0x7C, 0x10, 0x07, 0x00, 0x00,
    0x00, 0x00, 0x38, 0x06, 0x1F, 0x00, 0x00, 0x00, 0x00, 0x3E, 0x18, 0x07, 0x00, 0x00, 0x00, 0x00,
    0x38, 0x0F, 0x3E, 0x00, 0x00, 0x00, 0x00, 0x1F, 0x3C, 0x07, 0x00, 0x00, 0x00, 0x00, 0x3C, 0x1F,
    0x7C, 0x00, 0x00, 0x00, 0x00, 0x0F, 0x3E, 0x0F, 0x00, 0x00, 0x00, 0x00, 0x1C, 0x3F, 0x78, 0x00,
    0x00, 0x00, 0x80, 0x07, 0x3F, 0x0E, 0x00, 0x00, 0x00, 0x00, 0x1C, 0x3F, 0xF0, 0x00, 0x00, 0x00,
    0xC0, 0x03, 0x3F, 0x0E, 0x00, 0x00, 0x00, 0x00, 0x1C, 0x7F, 0xE0, 0x09, 0x00, 0x00, 0xE4, 0x81,
    0x3F, 0x0E, 0x00, 0x00, 0x00, 0x00, 0x9C, 0xFF, 0xC0, 0x1F, 0x00, 0x00, 0xFE, 0xC0, 0x7F, 0x0E,
    0x00, 0x00, 0x00, 0x00, 0x9E, 0xFF, 0xC0, 0x3F, 0x00, 0x00, 0xFF, 0xC0, 0x7F, 0x0E, 0x00, 0x00,
    0x00, 0x00, 0x8E, 0xFF, 0x81, 0x7F, 0x00, 0x80, 0x7F, 0xE0, 0x7F, 0x1E, 0x00, 0x00, 0x00, 0x00,
    0x8E, 0xFF, 0x03, 0xFF, 0xF0, 0xC3, 0x3F, 0xF0, 0x7F, 0x1C, 0x00, 0x00, 0x00, 0x00, 0x8E, 0xFF,
    0x03, 0xEE, 0xFF, 0xFF, 0x3D, 0xF0, 0x7F, 0x1C, 0x00, 0x00, 0x00, 0x00, 0x8E, 0xFF, 0x07, 0xCE,
    0xFF, 0xFF, 0x1C, 0xF8, 0x7F, 0x1C, 0x00, 0x00, 0x00, 0x00, 0x8E, 0xFF, 0x07, 0xDC, 0xFF, 0xFF,
    0x0E, 0xF8, 0x7F, 0x1C, 0x00, 0x00, 0x00, 0x00, 0x8E, 0x3F, 0x0F, 0x9C, 0x3F, 0x7F, 0x0E, 0x3C,
    0x7F, 0x1C, 0x00, 0x00, 0x00, 0x00, 0x8E, 0x3F, 0x0E, 0xF8, 0x3F, 0xFF, 0x07, 0x1C, 0x7F, 0x1C,
    0x00, 0x00, 0x00, 0x00, 0x8E, 0x7F, 0x08, 0xF8, 0x3F, 0xFF, 0x07, 0x84, 0x7F, 0x1C, 0x00, 0x00,
    0x00, 0x00, 0x8E, 0x7F, 0x10, 0xFE, 0x3F, 0xFF, 0x1F, 0x82, 0x7F, 0x1C, 0x00, 0x00, 0x00, 0x00,
    0x8E, 0x5F, 0x80, 0xFF, 0x3F, 0xFF, 0x7F, 0xC0, 0x7E, 0x1C, 0x00, 0x00, 0x00, 0x00, 0x8E, 0x1F,
    0xE0, 0xFF, 0x3F, 0xFF, 0xFF, 0x00, 0x7E, 0x1C, 0x00, 0x00, 0x00, 0x00, 0x8E, 0x3F, 0xF0, 0xFF,
    0xDF, 0xFE, 0xFF, 0x03, 0x7F, 0x1C, 0x00, 0x00, 0x00, 0x80, 0x8F, 0x3F, 0xF8, 0xFF, 0xDF, 0xFE,
    0xFF, 0x07, 0x7F, 0x7C, 0x00, 0x00, 0x00, 0x80, 0x8F, 0x7F, 0xFE, 0xFF, 0xDF, 0xFE, 0xFF, 0x9F,
    0x7F, 0x7C, 0x00, 0x00, 0x00, 0x80, 0x8F, 0x1F, 0xFE, 0x3F, 0x3E, 0x1F, 0xFF, 0x1F, 0x3E, 0x7C,
    0x00, 0x00, 0x00, 0x80, 0x1F, 0x0F, 0xFE, 0x3F, 0x3E, 0x1F, 0xFF, 0x1F, 0x3E, 0x7E, 0x00, 0x00,
    0x00, 0x80, 0x03, 0x1F, 0xFF, 0x7F, 0x3F, 0x9F, 0xFF, 0x3F, 0x3E, 0x70, 0x00, 0x00, 0x00, 0x00,
    0x03, 0x9F, 0xFF, 0xFF, 0x3E, 0xDF, 0xFF, 0x7F, 0x3E, 0x38, 0x00, 0x00, 0x00, 0x00, 0x07, 0xFF,
    0xFF, 0xFF, 0x3C, 0xCF, 0xFF, 0xFF, 0x1F, 0x38, 0x00, 0x00, 0x00, 0x00, 0x07, 0xFE, 0xFF, 0xFF,
    0x39, 0xF7, 0xFF, 0xFF, 0x1F, 0x38, 0x00, 0x00, 0x00, 0x00, 0x07, 0xFE, 0x7F, 0xFF, 0x37, 0xFB,
    0xBF, 0xFF, 0x1F, 0x38, 0x00, 0x00, 0x00, 0x00, 0x8F, 0xFF, 0x7F, 0xF0, 0xB7, 0xF9, 0x83, 0xFF,
    0x7F, 0x1C, 0x00, 0x00, 0x00, 0x00, 0x8E, 0xFF, 0xFF, 0xC0, 0xF7, 0xF9, 0xC0, 0xFF, 0x7F, 0x1C,
    0x00, 0x00, 0x00, 0x00, 0x8E, 0xFF, 0x0F, 0x80, 0xF7, 0x79, 0x00, 0xFC, 0x7F, 0x1C, 0x00, 0x00,
    0x00, 0x00, 0x1E, 0xFF, 0x03, 0x80, 0xE7, 0x79, 0x00, 0xF0, 0x3F, 0x1E, 0x00, 0x00, 0x00, 0x80,
    0x1F, 0xFF, 0x01, 0x00, 0xFF, 0x3F, 0x00, 0xE0, 0x3F, 0x7E, 0x00, 0x00, 0x00, 0x00, 0x8F, 0xFF,
    0xC1, 0x01, 0xFF, 0x3F, 0xE0, 0xE0, 0x7F, 0x3C, 0x00, 0x00, 0x00, 0x00, 0xCF, 0xFF, 0xF0, 0x07,
    0xFE, 0x1F, 0xFC, 0xC3, 0x7F, 0x3C, 0x00, 0x00, 0x00, 0x00, 0xFE, 0x7F, 0xF8, 0x1F, 0xFE, 0x1F,
    0xFE, 0x87, 0xFF, 0x1F, 0x00, 0x00, 0x00, 0x00, 0xFC, 0x3F, 0x1C, 0x3C, 0xFE, 0x1F, 0x0F, 0x0E,
    0xFF, 0x0F, 0x00, 0x00, 0x00, 0x00, 0xFC, 0x1F, 0x06, 0x30, 0xFE, 0x1F, 0x03, 0x18, 0xFE, 0x0F,
    0x00, 0x00, 0x00, 0x00, 0xFE, 0x0F, 0x00, 0x00, 0xFE, 0x1F, 0x00, 0x10, 0xFE, 0x1F, 0x00, 0x00,
    0x00, 0x00, 0xFF, 0x0F, 0x80, 0x07, 0xFE, 0x1F, 0x78, 0x00, 0xFC, 0x3F, 0x00, 0x00, 0x00, 0xC0,
    0xFF, 0x07, 0xE0, 0x1F, 0xFE, 0x0F, 0xFE, 0x01, 0xF8, 0xFF, 0x00, 0x00, 0x00, 0xE0, 0xCF, 0x0F,
    0x70, 0x38, 0xFE, 0x0F, 0x87, 0x03, 0xFC, 0xFC, 0x01, 0x00, 0x00, 0xF8, 0xE3, 0x3F, 0x18, 0x2F,
    0xFC, 0x0F, 0x3D, 0x07, 0xFF, 0xF1, 0x07, 0x00, 0x00, 0xF0, 0xC1, 0x3F, 0x98, 0x7F, 0xEE, 0x8D,
    0x7F, 0x06, 0xFF, 0xE0, 0x03, 0x00, 0x00, 0xE0, 0x03, 0x3F, 0xCC, 0x7B, 0xC6, 0x98, 0x77, 0x0C,
    0x3F, 0xF0, 0x01, 0x00, 0x00, 0xC0, 0x0F, 0x1F, 0xCC, 0x79, 0xC0, 0xC0, 0xE3, 0x0C, 0x3E, 0xFC,
    0x00, 0x00, 0x00, 0x80, 0x8F, 0x1F, 0xCC, 0x70, 0x00, 0xC0, 0xC3, 0x0C, 0x7E, 0x7C, 0x00, 0x00,
    0x00, 0x80, 0xC7, 0x1F, 0xCC, 0x39, 0x00, 0x80, 0xF7, 0x0C, 0xFE, 0x78, 0x00, 0x00, 0x00, 0xC0,
    0xE3, 0x1F, 0xC8, 0x3F, 0x00, 0x00, 0x77, 0x06, 0xFE, 0xF1, 0x00, 0x00, 0x00, 0xE0, 0xE1, 0x38,
    0x90, 0x1F, 0x00, 0x00, 0x7E, 0x02, 0xC7, 0xE1, 0x01, 0x00, 0x00, 0xF0, 0x70, 0x36, 0x00, 0x0F,
    0x00, 0x00, 0x3E, 0x00, 0x9B, 0xC3, 0x03, 0x00, 0x00, 0x78, 0x00, 0x2F, 0x00, 0x00, 0x00, 0x00,
    0x00, 0x80, 0x3D, 0x80, 0x07, 0x00, 0x00, 0x3C, 0x00, 0x6D, 0x00, 0x00, 0x00, 0x00, 0x00, 0x80,
    0x2D, 0x00, 0x0F, 0x00, 0x00, 0xFC, 0x00, 0xCF, 0x00, 0x00, 0xF0, 0x01, 0x00, 0xC0, 0x3C, 0xC0,
    0x0F, 0x00, 0x00, 0xF0, 0x01, 0x98, 0x01, 0x00, 0xFE, 0x1F, 0x00, 0x60, 0x06, 0xF0, 0x03, 0x00,
    0x00, 0xE0, 0x0F, 0x98, 0x0F, 0x00, 0xC3, 0x3F, 0x00, 0x7C, 0x03, 0xFC, 0x01, 0x00, 0x00, 0x80,
    0x3F, 0x30, 0x04, 0x00, 0xC3, 0x3F, 0x00, 0x0C, 0x03, 0x7F, 0x00, 0x00, 0x00, 0x00, 0xFF, 0x60,
    0x00, 0x00, 0xFF, 0x3F, 0x00, 0x80, 0xC1, 0x3F, 0x00, 0x00, 0x00, 0x00, 0x7C, 0x00, 0x00, 0x00,
    0xFF, 0x3F, 0x00, 0x00, 0x80, 0x0F, 0x00, 0x00, 0x00, 0x00, 0x3C, 0x00, 0x00, 0x00, 0xFF, 0x1F,
    0x00, 0x00, 0x00, 0x0F, 0x00, 0x00, 0x00, 0x00, 0x1E, 0x00, 0x00, 0x06, 0xFE, 0x1F, 0x18, 0x00,
    0x00, 0x1E, 0x00, 0x00, 0x00, 0x00, 0x0F, 0x00, 0x00, 0x07, 0xFC, 0x0F, 0x38, 0x00, 0x00, 0x3C,
    0x00, 0x00, 0x00, 0x80, 0x3F, 0x00, 0x00, 0x0C, 0xF8, 0x07, 0x0C, 0x00, 0x00, 0x7F, 0x00, 0x00,
    0x00, 0x00, 0xFF, 0x03, 0x00, 0x1C, 0xE0, 0x01, 0x0E, 0x00, 0xF0, 0x3F, 0x00, 0x00, 0x00, 0x00,
    0xFC, 0x3F, 0x00, 0x38, 0xC0, 0x00, 0x07, 0x00, 0xFF, 0x0F, 0x00, 0x00, 0x00, 0x00, 0xE0, 0x0F,
    0x00, 0x78, 0xF0, 0xC3, 0x03, 0x00, 0xFE, 0x01, 0x00, 0x00, 0x00, 0x00, 0x80, 0x07, 0x00, 0xF0,
    0xFF, 0xFF, 0x03, 0x00, 0x78, 0x00, 0x00, 0x00, 0x00, 0x00, 0x80, 0x07, 0x00, 0xF0, 0xFF, 0xFF,
    0x03, 0x00, 0x78, 0x00, 0x00, 0x00, 0x00, 0x00, 0xC0, 0x7F, 0x00, 0x60, 0xFF, 0xBF, 0x01, 0x80,
    0xFF, 0x00, 0x00, 0x00, 0x00, 0x00, 0xC0, 0xFF, 0x03, 0xE0, 0xFF, 0xFF, 0x01, 0xF0, 0xFF, 0x00,
    0x00, 0x00, 0x00, 0x00, 0x00, 0xFC, 0x07, 0xE0, 0xFF, 0xFF, 0x01, 0xFC, 0x0F, 0x00, 0x00, 0x00,
    0x00, 0x00, 0x00, 0xC0, 0x07, 0xC0, 0xC7, 0xF8, 0x00, 0xF8, 0x00, 0x00, 0x00, 0x00, 0x00, 0x00,
    0x00, 0x80, 0x07, 0xC0, 0x03, 0xF0, 0x00, 0x38, 0x00, 0x00, 0x00, 0x00, 0x00, 0x00, 0x00, 0x80,
    0x03, 0x80, 0x03, 0x70, 0x00, 0x70, 0x00, 0x00, 0x00, 0x00, 0x00, 0x00, 0x00, 0x80, 0x7F, 0x80,
    0x03, 0x70, 0xC0, 0x7F, 0x00, 0x00, 0x00, 0x00, 0x00, 0x00, 0x00, 0x80, 0xFF, 0x80, 0x03, 0x30,
    0xC0, 0x7F, 0x00, 0x00, 0x00, 0x00, 0x00, 0x00, 0x00, 0x80, 0xFF, 0x01, 0x07, 0x38, 0xE0, 0x7F,
    0x00, 0x00, 0x00, 0x00, 0x00, 0x00, 0x00, 0x00, 0xC0, 0x03, 0x0E, 0x1C, 0xF8, 0x00, 0x00, 0x00,
    0x00, 0x00, 0x00, 0x00, 0x00, 0x00, 0x80, 0x6F, 0x1E, 0x9E, 0x7D, 0x00, 0x00, 0x00, 0x00, 0x00,
    0x00, 0x00, 0x00, 0x00, 0x00, 0x7F, 0xFC, 0x8F, 0x3F, 0x00, 0x00, 0x00, 0x00, 0x00, 0x00, 0x00,
    0x00, 0x00, 0x00, 0xFC, 0xF0, 0xC3, 0x0F, 0x00, 0x00, 0x00, 0x00, 0x00, 0x00, 0x00, 0x00, 0x00,
    0x00, 0xF8, 0x01, 0xE0, 0x07, 0x00, 0x00, 0x00, 0x00, 0x00, 0x00, 0x00, 0x00, 0x00, 0x00, 0xE0,
    0x07, 0xF8, 0x01, 0x00, 0x00, 0x00, 0x00, 0x00, 0x00, 0x00, 0x00, 0x00, 0x00, 0x80, 0x3F, 0xFF,
    0x00, 0x00, 0x00, 0x00, 0x00, 0x00, 0x00, 0x00, 0x00, 0x00, 0x00, 0x00, 0xFC, 0x0F, 0x00, 0x00,
    0x00, 0x00, 0x00, 0x00, 0x00, 0x00, 0x00, 0x00, 0x00, 0x00, 0xF0, 0x03, 0x00, 0x00, 0x00, 0x00,
    0x00, 0x00, 0x00, 0x00, 0x00, 0x00, 0x00, 0x00, 0x00, 0x00, 0x00, 0x00, 0x00, 0x00, 0x00, 0x00,
    0x00, 0x00, 0x00, 0x00, 0x00, 0x00, 0x00, 0x00, 0x00, 0x00, 0x00, 0x00, 0x00, 0x00, 0x00, 0x00,
    0x00, 0x00, 0x00, 0x00, 0x00, 0x00, 0x00, 0x00, 0x00, 0x00, 0x00, 0x00, 0x00, 0x00, 0x00, 0x00,
    0x00, 0x00, 0x00, 0x00, 0x00, 0x00, 0x00, 0x00, 0x00, 0x00, 0x00, 0x00, 0x00, 0x00, 0x00, 0x00,
    0x00, 0x00, 0x00, 0x00, 0x00, 0x00, 0x00, 0x00, 0x00, 0x00, 0x00, 0x00, 0x00, 0x00, 0x00, 0x00,
    0x00, 0x00, 0x00, 0x00, 0x00, 0x00, 0x00, 0x00, 0x00, 0x00, 0x00, 0x00, 0x00, 0x00, 0x00, 0x00,
    0x00, 0x00, 0x00, 0x00
};

const unsigned char face_happy[] PROGMEM = {
    0x00, 0x00, 0x00, 0x00, 0x00, 0x00, 0x00, 0x00, 0x00, 0x00, 0x00, 0x00, 0x00, 0x00, 0x00, 0x00,
    0x00, 0x00, 0x00, 0x00, 0x00, 0x00, 0x00, 0x00, 0x00, 0x00, 0x00, 0x00, 0x00, 0x00, 0x00, 0x00,
    0x00, 0x00, 0x00, 0x00, 0x00, 0x00, 0x00, 0x00, 0x00, 0x00, 0x00, 0x00, 0x00, 0x00, 0x00, 0x00,
    0x00, 0x00, 0x00, 0x00, 0x00, 0x00, 0x00, 0x00, 0x00, 0x00, 0x00, 0x00, 0x00, 0x00, 0x00, 0x00,
    0x00, 0x00, 0x00, 0x00, 0x00, 0x00, 0x00, 0x00, 0x00, 0x00, 0x00, 0x00, 0x00, 0x00, 0x00, 0x00,
    0x00, 0x00, 0x00, 0x00, 0x00, 0x00, 0x00, 0x06, 0x00, 0x00, 0x00, 0x00, 0x00, 0x00, 0x18, 0x00,
    0x00, 0x00, 0x00, 0x00, 0x00, 0x0F, 0x00, 0x00, 0x00, 0x00, 0x00, 0x00, 0x3C, 0x00, 0x00, 0x00,
    0x00, 0x00, 0xC0, 0x1F, 0x00, 0x00, 0x00, 0x00, 0x00, 0x00, 0xFE, 0x00, 0x00, 0x00, 0x00, 0x00,
    0xE0, 0x3F, 0x00, 0x00, 0x00, 0x00, 0x00, 0x00, 0xFF, 0x01, 0x00, 0x00, 0x00, 0x00, 0xE0, 0x79,
    0x00, 0x00, 0x00, 0x00, 0x00, 0x80, 0xE7, 0x01, 0x00, 0x00, 0x00, 0x00, 0xF0, 0xF0, 0x00, 0x00,
    0x00, 0x00, 0x00, 0xC0, 0xC3, 0x03, 0x00, 0x00, 0x00, 0x00, 0x70, 0xE0, 0x01, 0x00, 0x00, 0x00,
    0x00, 0xE0, 0x81, 0x03, 0x00, 0x00, 0x00, 0x00, 0x70, 0xC0, 0x03, 0x00, 0x00, 0x00, 0x00, 0xF0,
    0x80, 0x03, 0x00, 0x00, 0x00, 0x00, 0x78, 0x80, 0x07, 0x00, 0x00, 0x00, 0x00, 0x78, 0x80, 0x07,
    0x00, 0x00, 0x00, 0x00, 0x38, 0x06, 0x0F, 0x00, 0x00, 0x00, 0x00, 0x3C, 0x18, 0x07, 0x00, 0x00,
    0x00, 0x00, 0x38, 0x0E, 0x1E, 0x00, 0x00, 0x00, 0x00, 0x1E, 0x1C, 0x07, 0x00, 0x00, 0x00, 0x00,
    0x38, 0x1F, 0x3C, 0x00, 0x00, 0x00, 0x00, 0x0F, 0x3E, 0x07, 0x00, 0x00, 0x00, 0x00, 0x38, 0x1F,
    0x78, 0x00, 0x00, 0x00, 0x80, 0x07, 0x3E, 0x07, 0x00, 0x00, 0x00, 0x00, 0x1C, 0x3F, 0xF0, 0x00,
    0x00, 0x00, 0xC0, 0x03, 0x3F, 0x0E, 0x00, 0x00, 0x00, 0x00, 0x1C, 0x7F, 0xF0, 0x01, 0x00, 0x00,
    0xE0, 0x83, 0x3F, 0x0E, 0x00, 0x00, 0x00, 0x00, 0x1C, 0xFF, 0xE0, 0x0D, 0x00, 0x00, 0xE4, 0xC1,
    0x3F, 0x0E, 0x00, 0x00, 0x00, 0x00, 0x1C, 0xFF, 0xC0, 0x3F, 0x00, 0x00, 0xFF, 0xC0, 0x3F, 0x0E,
    0x00, 0x00, 0x00, 0x00, 0x9C, 0xFF, 0x81, 0x7F, 0x00, 0x80, 0x7F, 0xE0, 0x7F, 0x0E, 0x00, 0x00,
    0x00, 0x00, 0x9C, 0xFF, 0x01, 0xFF, 0x00, 0xC0, 0x3F, 0xF0, 0x7F, 0x0E, 0x00, 0x00, 0x00, 0x00,
    0x9C, 0xFF, 0x03, 0xEF, 0xFF, 0xFF, 0x3D, 0xF0, 0x7F, 0x0E, 0x00, 0x00, 0x00, 0x00, 0x8E, 0xFF,
    0x07, 0xCE, 0xFF, 0xFF, 0x1C, 0xF8, 0x7F, 0x1C, 0x00, 0x00, 0x00, 0x00, 0x8E, 0xFF, 0x07, 0xDC,
    0xFF, 0xFF, 0x0E, 0xF8, 0x7F, 0x1C, 0x00, 0x00, 0x00, 0x00, 0x8E, 0xBF, 0x0F, 0x9C, 0x3F, 0x7F,
    0x0E, 0x7C, 0x7F, 0x1C, 0x00, 0x00, 0x00, 0x00, 0x8E, 0x3F, 0x0E, 0xB8, 0x3F, 0x7F, 0x07, 0x1C,
    0x7F, 0x1C, 0x00, 0x00, 0x00, 0x00, 0x8E, 0x7F, 0x0C, 0xF8, 0x3F, 0xFF, 0x07, 0x8C, 0x7F, 0x1C,
    0x00, 0x00, 0x00, 0x00, 0x8E, 0x7F, 0x18, 0xFC, 0x3F, 0xFF, 0x0F, 0x86, 0x7F, 0x1C, 0x00, 0x00,
    0x00, 0x00, 0x8E, 0xFF, 0x00, 0xFF, 0xBF, 0xFF, 0x3F, 0xC0, 0x7F, 0x1C, 0x00, 0x00, 0x00, 0x00,
    0x8E, 0x1F, 0xC0, 0xFF, 0x3F, 0xFF, 0xFF, 0x00, 0x7E, 0x1C, 0x00, 0x00, 0x00, 0x00, 0x8E, 0x3F,
    0xE0, 0xFF, 0x1F, 0xFE, 0xFF, 0x01, 0x7F, 0x1C, 0x00, 0x00, 0x00, 0x00, 0x8E, 0x3F, 0xF8, 0xFF,
    0xDF, 0xFE, 0xFF, 0x07, 0x7F, 0x1C, 0x00, 0x00, 0x00, 0x00, 0x8F, 0x7F, 0xFC, 0xFF, 0xDF, 0xFE,
    0xFF, 0x8F, 0x7F, 0x3E, 0x00, 0x00, 0x00, 0x00, 0x1F, 0x7F, 0xFE, 0x7F, 0x1F, 0xBE, 0xFF, 0x9F,
    0x3F, 0x3E, 0x00, 0x00, 0x00, 0x00, 0x1F, 0x1F, 0xFE, 0x3F, 0x3E, 0x1F, 0xFF, 0x1F, 0x3E, 0x3E,
    0x00, 0x00, 0x00, 0x00, 0x1F, 0x1F, 0xFE, 0x3F, 0x3E, 0x1F, 0xFF, 0x1F, 0x3E, 0x3E, 0x00, 0x00,
    0x00, 0x00, 0x07, 0x9F, 0xFF, 0x7F, 0x3E, 0x9F, 0xFF, 0x7F, 0x3E, 0x38, 0x00, 0x00, 0x00, 0x00,
    0x07, 0xFF, 0xFF, 0xFF, 0x3E, 0xDF, 0xFF, 0xFF, 0x1F, 0x38, 0x00, 0x00, 0x00, 0x00, 0x07, 0xFE,
    0xFF, 0xFF, 0x3D, 0xE7, 0xFF, 0xFF, 0x1F, 0x38, 0x00, 0x00, 0x00, 0x00, 0x0E, 0xFE, 0xFF, 0xFF,
    0x33, 0xF3, 0xFF, 0xFF, 0x1F, 0x1C, 0x00, 0x00, 0x00, 0x00, 0x8E, 0xFE, 0x7F, 0xFE, 0x37, 0xFB,
    0x9F, 0xFF, 0x4F, 0x1C, 0x00, 0x00, 0x00, 0x00, 0x8E, 0xFF, 0xFF, 0xF0, 0xF7, 0xF9, 0xC3, 0xFF,
    0x7F, 0x1C, 0x00, 0x00, 0x00, 0x00, 0x9E, 0xFF, 0xFF, 0xC0, 0xF7, 0xF9, 0xC0, 0xFF, 0x3F, 0x1E,
    0x00, 0x00, 0x00, 0x00, 0x1C, 0xFF, 0x0F, 0x80, 0xF7, 0x79, 0x00, 0xFC, 0x3F, 0x0E, 0x00, 0x00,
    0x00, 0x00, 0x1F, 0xFF, 0x03, 0x00, 0xF7, 0x3F, 0x00, 0xF0, 0x3F, 0x3F, 0x00, 0x00, 0x00, 0x00,
    0x1F, 0xFF, 0x01, 0x00, 0xFF, 0x3F, 0x00, 0xE0, 0x3F, 0x3F, 0x00, 0x00, 0x00, 0x00, 0x8F, 0xFF,
    0x01, 0x00, 0xFF, 0x1F, 0x00, 0xE0, 0x7F, 0x3C, 0x00, 0x00, 0x00, 0x00, 0xDE, 0xFF, 0xE0, 0x07,
    0xFE, 0x1F, 0xF8, 0xC1, 0xFF, 0x1E, 0x00, 0x00, 0x00, 0x00, 0xFC, 0x7F, 0xF8, 0x0F, 0xFE, 0x1F,
    0xFE, 0x87, 0xFF, 0x0F, 0x00, 0x00, 0x00, 0x00, 0xF8, 0x3F, 0x7C, 0x1E, 0xFE, 0x1F, 0x9E, 0x0F,
    0xFF, 0x07, 0x00, 0x00, 0x00, 0x00, 0xFC, 0x1F, 0x0E, 0x30, 0xFE, 0x1F, 0x03, 0x1C, 0xFE, 0x0F,
    0x00, 0x00, 0x00, 0x00, 0xFE, 0x0F, 0x02, 0x00, 0xFE, 0x1F, 0x00, 0x10, 0xFE, 0x1F, 0x00, 0x00,
    0x00, 0x80, 0xFF, 0x0F, 0x00, 0x00, 0xFE, 0x0F, 0x00, 0x00, 0xFC, 0x7F, 0x00, 0x00, 0x00, 0xC0,
    0xDF, 0x0F, 0x80, 0x0F, 0xFC, 0x0F, 0x7C, 0x00, 0xFC, 0xFE, 0x00, 0x00, 0x00, 0xF0, 0xC7, 0x1F,
    0xE0, 0x1F, 0xFC, 0x0F, 0xFE, 0x01, 0xFE, 0xF8, 0x03, 0x00, 0x00, 0xF0, 0xE1, 0x7F, 0x70, 0x30,
    0xFC, 0x0F, 0x83, 0x83, 0xFF, 0xE1, 0x03, 0x00, 0x00, 0xE0, 0x83, 0x7F, 0x30, 0x3E, 0xE4, 0x89,
    0x1F, 0x83, 0x7F, 0xF0, 0x01, 0x00, 0x00, 0xC0, 0x07, 0x3F, 0x18, 0x7D, 0xC0, 0x88, 0x39, 0x07,
    0x3F, 0xF8, 0x00, 0x00, 0x00, 0x80, 0x1F, 0x1F, 0x98, 0x78, 0x00, 0x80, 0x78, 0x06, 0x3E, 0x7E,
    0x00, 0x00, 0x00, 0x00, 0x8F, 0x1F, 0x9C, 0x7D, 0x00, 0x80, 0x7D, 0x0E, 0x7E, 0x3C, 0x00, 0x00,
    0x00, 0x80, 0xC7, 0x1F, 0x9C, 0x7F, 0x00, 0xC0, 0x7F, 0x0E, 0xFE, 0x78, 0x00, 0x00, 0x00, 0xC0,
    0xE3, 0x3F, 0x9E, 0x7F, 0x00, 0x80, 0x7F, 0x0E, 0xFF, 0xF1, 0x00, 0x00, 0x00, 0xE0, 0xE1, 0x30,
    0x98, 0x7F, 0x00, 0x80, 0x7F, 0x06, 0xC3, 0xE1, 0x01, 0x00, 0x00, 0xF0, 0x70, 0x2E, 0x00, 0x7F,
    0x00, 0x80, 0x3F, 0x80, 0x9D, 0xC3, 0x03, 0x00, 0x00, 0x78, 0x00, 0x6F, 0x00, 0x7C, 0x00, 0x80,
    0x0F, 0x80, 0x35, 0x80, 0x07, 0x00, 0x00, 0x7C, 0x00, 0xEF, 0x00, 0x00, 0x00, 0x00, 0x00, 0xC0,
    0x3C, 0x80, 0x0F, 0x00, 0x00, 0xF8, 0x01, 0xCE, 0x00, 0x00, 0x00, 0x00, 0x00, 0xE0, 0x1E, 0xE0,
    0x07, 0x00, 0x00, 0xF0, 0x03, 0x98, 0x07, 0x00, 0xFC, 0x0F, 0x00, 0x78, 0x06, 0xF0, 0x03, 0x00,
    0x00, 0xC0, 0x1F, 0x30, 0x0F, 0x00, 0xFF, 0x1F, 0x00, 0x3C, 0x03, 0xFE, 0x00, 0x00, 0x00, 0x80,
    0xFF, 0x60, 0x00, 0x00, 0xC3, 0x3F, 0x00, 0x80, 0xC1, 0x7F, 0x00, 0x00, 0x00, 0x00, 0xFE, 0x40,
    0x00, 0x00, 0xFF, 0x3F, 0x00, 0x80, 0xC0, 0x1F, 0x00, 0x00, 0x00, 0x00, 0x78, 0x00, 0x00, 0x00,
    0xFF, 0x3F, 0x00, 0x00, 0x80, 0x07, 0x00, 0x00, 0x00, 0x00, 0x3C, 0x00, 0x00, 0x00, 0xFF, 0x3F,
    0x00, 0x00, 0x00, 0x0F, 0x00, 0x00, 0x00, 0x00, 0x1E, 0x00, 0x00, 0x00, 0xFE, 0x1F, 0x00, 0x00,
    0x00, 0x1F, 0x00, 0x00, 0x00, 0x00, 0x1F, 0x00, 0x00, 0x06, 0xFC, 0x0F, 0x18, 0x00, 0x00, 0x3E,
    0x00, 0x00, 0x00, 0x00, 0x7F, 0x00, 0x00, 0x07, 0xF8, 0x07, 0x38, 0x00, 0x80, 0x3F, 0x00, 0x00,
    0x00, 0x00, 0xFF, 0x0F, 0x00, 0x07, 0xF0, 0x03, 0x38, 0x00, 0xFC, 0x3F, 0x00, 0x00, 0x00, 0x00,
    0xF8, 0x3F, 0x00, 0x0C, 0xC0, 0x00, 0x0C, 0x00, 0xFF, 0x07, 0x00, 0x00, 0x00, 0x00, 0xC0, 0x1F,
    0x00, 0x1C, 0xE0, 0x01, 0x06, 0x00, 0xFE, 0x00, 0x00, 0x00, 0x00, 0x00, 0x80, 0x07, 0x00, 0x38,
    0xF0, 0x03, 0x07, 0x00, 0x78, 0x00, 0x00, 0x00, 0x00, 0x00, 0x80, 0x07, 0x00, 0xF0, 0xFF, 0xFF,
    0x03, 0x00, 0x78, 0x00, 0x00, 0x00, 0x00, 0x00, 0xC0, 0xFF, 0x00, 0xE0, 0xFF, 0xFF, 0x01, 0xC0,
    0xFF, 0x00, 0x00, 0x00, 0x00, 0x00, 0xC0, 0xFF, 0x07, 0xC0, 0xFF, 0xFF, 0x00, 0xF8, 0xFF, 0x00,
    0x00, 0x00, 0x00, 0x00, 0x00, 0xF8, 0x0F, 0xC0, 0x03, 0xF0, 0x00, 0xFC, 0x07, 0x00, 0x00, 0x00,
    0x00, 0x00, 0x00, 0x80, 0x07, 0x80, 0x01, 0x70, 0x00, 0x78, 0x00, 0x00, 0x00, 0x00, 0x00, 0x00,
    0x00, 0x00, 0x07, 0x80, 0x03, 0x70, 0x00, 0x38, 0x00, 0x00, 0x00, 0x00, 0x00, 0x00, 0x00, 0x00,
    0x77, 0x00, 0x03, 0x30, 0x80, 0x3B, 0x00, 0x00, 0x00, 0x00, 0x00, 0x00, 0x00, 0x00, 0xFF, 0x00,
    0x07, 0x38, 0xC0, 0x3F, 0x00, 0x00, 0x00, 0x00, 0x00, 0x00, 0x00, 0x00, 0xFF, 0x01, 0x0E, 0x1C,
    0xE0, 0x3F, 0x00, 0x00, 0x00, 0x00, 0x00, 0x00, 0x00, 0x00, 0xEF, 0x03, 0xFC, 0x0F, 0xF0, 0x3D,
    0x00, 0x00, 0x00, 0x00, 0x00, 0x00, 0x00, 0x00, 0xC0, 0x07, 0xF8, 0x07, 0xF8, 0x00, 0x00, 0x00,
    0x00, 0x00, 0x00, 0x00, 0x00, 0x00, 0x00, 0xCF, 0x00, 0xC0, 0x3C, 0x00, 0x00, 0x00, 0x00, 0x00,
    0x00, 0x00, 0x00, 0x00, 0x00, 0xFE, 0x01, 0xE0, 0x1F, 0x00, 0x00, 0x00, 0x00, 0x00, 0x00, 0x00,
    0x00, 0x00, 0x00, 0xFC, 0x07, 0xF8, 0x0F, 0x00, 0x00, 0x00, 0x00, 0x00, 0x00, 0x00, 0x00, 0x00,
    0x00, 0xF8, 0x3F, 0xFF, 0x07, 0x00, 0x00, 0x00, 0x00, 0x00, 0x00, 0x00, 0x00, 0x00, 0x00, 0xE0,
    0xFF, 0xFF, 0x01, 0x00, 0x00, 0x00, 0x00, 0x00, 0x00, 0x00, 0x00, 0x00, 0x00, 0x80, 0xF9, 0x67,
    0x00, 0x00, 0x00, 0x00, 0x00, 0x00, 0x00, 0x00, 0x00, 0x00, 0x00, 0x00, 0xE0, 0x01, 0x00, 0x00,
    0x00, 0x00, 0x00, 0x00, 0x00, 0x00, 0x00, 0x00, 0x00, 0x00, 0x00, 0x00, 0x00, 0x00, 0x00, 0x00,
    0x00, 0x00, 0x00, 0x00, 0x00, 0x00, 0x00, 0x00, 0x00, 0x00, 0x00, 0x00, 0x00, 0x00, 0x00, 0x00,
    0x00, 0x00, 0x00, 0x00, 0x00, 0x00, 0x00, 0x00, 0x00, 0x00, 0x00, 0x00, 0x00, 0x00, 0x00, 0x00,
    0x00, 0x00, 0x00, 0x00, 0x00, 0x00, 0x00, 0x00, 0x00, 0x00, 0x00, 0x00, 0x00, 0x00, 0x00, 0x00,
    0x00, 0x00, 0x00, 0x00, 0x00, 0x00, 0x00, 0x00, 0x00, 0x00, 0x00, 0x00, 0x00, 0x00, 0x00, 0x00,
    0x00, 0x00, 0x00, 0x00, 0x00, 0x00, 0x00, 0x00, 0x00, 0x00, 0x00, 0x00, 0x00, 0x00, 0x00, 0x00,
    0x00, 0x00, 0x00, 0x00, 0x00, 0x00, 0x00, 0x00, 0x00, 0x00, 0x00, 0x00, 0x00, 0x00, 0x00, 0x00,
    0x00, 0x00, 0x00, 0x00
};

const unsigned char face_idle[] PROGMEM = {
    0x00, 0x00, 0x00, 0x00, 0x00, 0x00, 0x00, 0x00, 0x00, 0x00, 0x00, 0x00, 0x00, 0x00, 0x00, 0x00,
    0x00, 0x00, 0x00, 0x00, 0x00, 0x00, 0x00, 0x00, 0x00, 0x00, 0x00, 0x00, 0x00, 0x00, 0x00, 0x00,
    0x00, 0x00, 0x00, 0x00, 0x00, 0x00, 0x00, 0x00, 0x00, 0x00, 0x00, 0x00, 0x00, 0x00, 0x00, 0x00,
    0x00, 0x00, 0x00, 0x00, 0x00, 0x00, 0x00, 0x00, 0x00, 0x00, 0x00, 0x00, 0x00, 0x00, 0x00, 0x00,
    0x00, 0x00, 0x00, 0x00, 0x00, 0x00, 0x00, 0x00, 0x00, 0x00, 0x00, 0x00, 0x00, 0x00, 0x00, 0x00,
    0x00, 0x00, 0x00, 0x00, 0x00, 0x00, 0x00, 0x00, 0x00, 0x00, 0x00, 0x00, 0x00, 0x00, 0x00, 0x00,
    0x00, 0x00, 0x00, 0x00, 0x00, 0x02, 0x00, 0x00, 0x00, 0x00, 0x00, 0x00, 0x10, 0x00, 0x00, 0x00,
    0x00, 0x00, 0x80, 0x0F, 0x00, 0x00, 0x00, 0x00, 0x00, 0x00, 0x7C, 0x00, 0x00, 0x00, 0x00, 0x00,
    0xE0, 0x1F, 0x00, 0x00, 0x00, 0x00, 0x00, 0x00, 0xFE, 0x01, 0x00, 0x00, 0x00, 0x00, 0xF0, 0x3F,
    0x00, 0x00, 0x00, 0x00, 0x00, 0x00, 0xFF, 0x03, 0x00, 0x00, 0x00, 0x00, 0xF0, 0x7C, 0x00, 0x00,
    0x00, 0x00, 0x00, 0x80, 0xCF, 0x03, 0x00, 0x00, 0x00, 0x00, 0x78, 0xF8, 0x00, 0x00, 0x00, 0x00,
    0x00, 0xC0, 0x87, 0x07, 0x00, 0x00, 0x00, 0x00, 0x38, 0xE0, 0x01, 0x00, 0x00, 0x00, 0x00, 0xE0,
    0x01, 0x07, 0x00, 0x00, 0x00, 0x00, 0x38, 0xC0, 0x03, 0x00, 0x00, 0x00, 0x00, 0xF0, 0x00, 0x07,
    0x00, 0x00, 0x00, 0x00, 0x38, 0x82, 0x07, 0x00, 0x00, 0x00, 0x00, 0x78, 0x10, 0x07, 0x00, 0x00,
    0x00, 0x00, 0x38, 0x03, 0x0F, 0x00, 0x00, 0x00, 0x00, 0x3C, 0x30, 0x07, 0x00, 0x00, 0x00, 0x00,
    0x1C, 0x07, 0x1E, 0x00, 0x00, 0x00, 0x00, 0x1E, 0x38, 0x0E, 0x00, 0x00, 0x00, 0x00, 0x1C, 0x0F,
    0x3C, 0x00, 0x00, 0x00, 0x00, 0x0F, 0x3C, 0x0E, 0x00, 0x00, 0x00, 0x00, 0x1C, 0x1F, 0x78, 0x00,
    0x00, 0x00, 0x80, 0x07, 0x3E, 0x0E, 0x00, 0x00, 0x00, 0x00, 0x9C, 0x3F, 0xF0, 0x00, 0x00, 0x00,
    0xC0, 0x03, 0x7F, 0x0E, 0x00, 0x00, 0x00, 0x00, 0x9C, 0x7F, 0xF0, 0x01, 0x00, 0x00, 0xE0, 0x83,
    0x7F, 0x0E, 0x00, 0x00, 0x00, 0x00, 0x9E, 0x7F, 0xE0, 0x1D, 0x00, 0x00, 0xEE, 0x81, 0x7F, 0x1E,
    0x00, 0x00, 0x00, 0x00, 0x8E, 0xFF, 0xC0, 0x3F, 0x00, 0x00, 0xFF, 0xC0, 0x7F, 0x1C, 0x00, 0x00,
    0x00, 0x00, 0x8E, 0xFF, 0x81, 0x7F, 0x00, 0x80, 0x7F, 0xE0, 0x7F, 0x1C, 0x00, 0x00, 0x00, 0x00,
    0x8E, 0xFF, 0x01, 0xFF, 0xC0, 0xC0, 0x3F, 0xE0, 0x7F, 0x1C, 0x00, 0x00, 0x00, 0x00, 0x8E, 0xFF,
    0x03, 0xEF, 0xFF, 0xFF, 0x3D, 0xF0, 0x7F, 0x1C, 0x00, 0x00, 0x00, 0x00, 0x8E, 0xFF, 0x03, 0xCE,
    0xFF, 0xFF, 0x1C, 0xF0, 0x7F, 0x1C, 0x00, 0x00, 0x00, 0x00, 0xCE, 0xFF, 0x07, 0xDC, 0xFF, 0xFF,
    0x0E, 0xF8, 0xFF, 0x1C, 0x00, 0x00, 0x00, 0x00, 0xCE, 0x9F, 0x07, 0x9C, 0x3F, 0x7F, 0x0E, 0x78,
    0xFE, 0x1C, 0x00, 0x00, 0x00, 0x00, 0xCE, 0x3F, 0x0E, 0xB8, 0x3F, 0x7F, 0x07, 0x1C, 0xFF, 0x1C,
    0x00, 0x00, 0x00, 0x00, 0xCE, 0x3F, 0x0C, 0xF8, 0x3F, 0xFF, 0x07, 0x0C, 0xFF, 0x1C, 0x00, 0x00,
    0x00, 0x00, 0xCE, 0x7F, 0x18, 0xFE, 0x3F, 0xFF, 0x1F, 0x86, 0xFF, 0x1C, 0x00, 0x00, 0x00, 0x00,
    0xCE, 0x5F, 0x80, 0xFF, 0x3F, 0xFF, 0x7F, 0x80, 0xFE, 0x1C, 0x00, 0x00, 0x00, 0x00, 0x8E, 0x1F,
    0xC0, 0xFF, 0x3F, 0xFF, 0xFF, 0x00, 0x7E, 0x1C, 0x00, 0x00, 0x00, 0x00, 0x8E, 0x3F, 0xF0, 0xFF,
    0xDF, 0xFE, 0xFF, 0x03, 0x7F, 0x1C, 0x00, 0x00, 0x00, 0x00, 0x8F, 0x3F, 0xF8, 0xFF, 0xDF, 0xFE,
    0xFF, 0x07, 0x7F, 0x3C, 0x00, 0x00, 0x00, 0x80, 0x8F, 0x7F, 0xFE, 0xFF, 0xDF, 0xFE, 0xFF, 0x9F,
    0x7F, 0x7C, 0x00, 0x00, 0x00, 0x80, 0x8F, 0x1F, 0xFE, 0x3F, 0x3F, 0x3F, 0xFF, 0x1F, 0x7E, 0x7C,
    0x00, 0x00, 0x00, 0x80, 0x8F, 0x0F, 0xFE, 0x3F, 0x3E, 0x1F, 0xFF, 0x1F, 0x7C, 0x7C, 0x00, 0x00,
    0x00, 0x80, 0x03, 0x1F, 0xFF, 0x3F, 0x3F, 0x3F, 0xFF, 0x3F, 0x3E, 0x70, 0x00, 0x00, 0x00, 0x80,
    0x07, 0xDF, 0xFF, 0xFF, 0x3E, 0xDF, 0xFF, 0xFF, 0x3E, 0x78, 0x00, 0x00, 0x00, 0x00, 0x07, 0xFF,
    0xFF, 0xFF, 0x3C, 0xCF, 0xFF, 0xFF, 0x3F, 0x38, 0x00, 0x00, 0x00, 0x00, 0x07, 0xFF, 0xFF, 0xFF,
    0x39, 0xE7, 0xFF, 0xFF, 0x3F, 0x38, 0x00, 0x00, 0x00, 0x00, 0x07, 0xFE, 0xFF, 0xFF, 0x33, 0xF3,
    0xFF, 0xFF, 0x1F, 0x38, 0x00, 0x00, 0x00, 0x00, 0xC7, 0xFF, 0x7F, 0xFC, 0x37, 0xF9, 0x87, 0xFF,
    0xFF, 0x38, 0x00, 0x00, 0x00, 0x00, 0x8E, 0xFF, 0xFF, 0xE0, 0xF7, 0xFB, 0xC1, 0xFF, 0x7F, 0x1C,
    0x00, 0x00, 0x00, 0x00, 0x8E, 0xFF, 0xFF, 0xC0, 0xF7, 0xFB, 0xC0, 0xFF, 0x7F, 0x1C, 0x00, 0x00,
    0x00, 0x00, 0x1F, 0xFF, 0x07, 0x80, 0xE7, 0x79, 0x00, 0xF8, 0x3F, 0x3E, 0x00, 0x00, 0x00, 0x80,
    0x1F, 0xFF, 0x01, 0x00, 0xFF, 0x3F, 0x00, 0xE0, 0x3F, 0x7E, 0x00, 0x00, 0x00, 0x80, 0x8F, 0xFF,
    0x01, 0x00, 0xFF, 0x3F, 0x00, 0xE0, 0x7F, 0x7C, 0x00, 0x00, 0x00, 0x00, 0xCF, 0xFF, 0x00, 0x00,
    0xFE, 0x1F, 0x00, 0xC0, 0xFF, 0x3C, 0x00, 0x00, 0x00, 0x00, 0xFE, 0x7F, 0xF0, 0x07, 0xFE, 0x1F,
    0xF8, 0x83, 0xFF, 0x1F, 0x00, 0x00, 0x00, 0x00, 0xFC, 0x3F, 0xFC, 0x1F, 0xFE, 0x1F, 0xFE, 0x0F,
    0xFF, 0x0F, 0x00, 0x00, 0x00, 0x00, 0xFC, 0x1F, 0xFE, 0x1F, 0xFE, 0x1F, 0xFF, 0x1F, 0xFE, 0x0F,
    0x00, 0x00, 0x00, 0x00, 0xFE, 0x0F, 0x07, 0x30, 0xFE, 0x1F, 0x03, 0x38, 0xFC, 0x1F, 0x00, 0x00,
    0x00, 0x80, 0xFF, 0x0F, 0x01, 0x03, 0xFE, 0x1F, 0x30, 0x20, 0xFC, 0x7F, 0x00, 0x00, 0x00, 0xC0,
    0xFF, 0x07, 0xE0, 0x0F, 0xFE, 0x1F, 0xFC, 0x01, 0xF8, 0xFF, 0x00, 0x00, 0x00, 0xF0, 0xE7, 0x0F,
    0x70, 0x1E, 0xFE, 0x1F, 0x9F, 0x03, 0xFC, 0xF9, 0x03, 0x00, 0x00, 0xF8, 0xE1, 0x3F, 0x38, 0x3F,
    0xFC, 0x0F, 0x3F, 0x07, 0xFF, 0xE1, 0x07, 0x00, 0x00, 0xF0, 0xC1, 0x3F, 0x98, 0x7C, 0xEC, 0x8D,
    0x79, 0x06, 0xFF, 0xE0, 0x03, 0x00, 0x00, 0xE0, 0x03, 0x3F, 0xCC, 0x7C, 0xC6, 0x98, 0xF9, 0x0C,
    0x3F, 0xF0, 0x01, 0x00, 0x00, 0xC0, 0x8F, 0x1F, 0xCC, 0x7F, 0xC0, 0x80, 0xFF, 0x0C, 0x7E, 0xFC,
    0x00, 0x00, 0x00, 0x80, 0x8F, 0x1F, 0xCC, 0x7F, 0x00, 0x80, 0xFF, 0x0C, 0x7E, 0x7C, 0x00, 0x00,
    0x00, 0xC0, 0xC7, 0x1F, 0xCC, 0x7F, 0x00, 0x80, 0xFF, 0x0C, 0xFE, 0xF8, 0x00, 0x00, 0x00, 0xE0,
    0xE3, 0x1F, 0xCC, 0x7F, 0x00, 0x80, 0xFF, 0x0C, 0xFE, 0xF1, 0x01, 0x00, 0x00, 0xF0, 0xF1, 0x38,
    0x98, 0x7F, 0x00, 0x80, 0x7F, 0x06, 0xC7, 0xE3, 0x03, 0x00, 0x00, 0xF8, 0x70, 0x37, 0x10, 0x7F,
    0x00, 0x80, 0x3F, 0x02, 0xBB, 0xC3, 0x03, 0x00, 0x00, 0x78, 0x00, 0x2F, 0x00, 0x00, 0x00, 0x00,
    0x00, 0x00, 0x3D, 0x80, 0x07, 0x00, 0x00, 0x3C, 0x00, 0x6D, 0x00, 0x00, 0x00, 0x00, 0x00, 0x80,
    0x2D, 0x00, 0x0F, 0x00, 0x00, 0xFC, 0x00, 0xCF, 0x00, 0x00, 0x00, 0x00, 0x00, 0xC0, 0x3C, 0xC0,
    0x0F, 0x00, 0x00, 0xF0, 0x03, 0x98, 0x03, 0x00, 0x00, 0x00, 0x00, 0x70, 0x06, 0xF0, 0x03, 0x00,
    0x00, 0xE0, 0x0F, 0xB8, 0x0F, 0x00, 0x00, 0x00, 0x00, 0x7C, 0x07, 0xFC, 0x01, 0x00, 0x00, 0x80,
    0x7F, 0x30, 0x00, 0x00, 0x00, 0x00, 0x00, 0x00, 0x83, 0x7F, 0x00, 0x00, 0x00, 0x00, 0xFF, 0x60,
    0x00, 0x00, 0xFC, 0x0F, 0x00, 0x80, 0xC1, 0x3F, 0x00, 0x00, 0x00, 0x00, 0x7C, 0x00, 0x00, 0x00,
    0xFF, 0x3F, 0x00, 0x00, 0x80, 0x0F, 0x00, 0x00, 0x00, 0x00, 0x3C, 0x00, 0x00, 0x00, 0x83, 0x3F,
    0x00, 0x00, 0x00, 0x0F, 0x00, 0x00, 0x00, 0x00, 0x1E, 0x00, 0x00, 0x00, 0xFF, 0x3F, 0x00, 0x00,
    0x00, 0x1E, 0x00, 0x00, 0x00, 0x00, 0x0F, 0x00, 0x00, 0x00, 0xFF, 0x3F, 0x00, 0x00, 0x00, 0x3C,
    0x00, 0x00, 0x00, 0x80, 0x3F, 0x00, 0x00, 0x00, 0xFF, 0x3F, 0x00, 0x00, 0x00, 0x7F, 0x00, 0x00,
    0x00, 0x00, 0xFF, 0x07, 0x00, 0x00, 0xFE, 0x1F, 0x00, 0x00, 0xF8, 0x3F, 0x00, 0x00, 0x00, 0x00,
    0xFC, 0x1F, 0x00, 0x00, 0xFC, 0x0F, 0x00, 0x00, 0xFE, 0x0F, 0x00, 0x00, 0x00, 0x00, 0xE0, 0x0F,
    0x00, 0x00, 0xF8, 0x07, 0x00, 0x00, 0xFC, 0x01, 0x00, 0x00, 0x00, 0x00, 0x80, 0x07, 0x00, 0x02,
    0xF0, 0x03, 0x10, 0x00, 0x78, 0x00, 0x00, 0x00, 0x00, 0x00, 0xC0, 0x07, 0x00, 0x06, 0xC0, 0x00,
    0x18, 0x00, 0xF8, 0x00, 0x00, 0x00, 0x00, 0x00, 0xC0, 0xFF, 0x00, 0x0C, 0xC0, 0x00, 0x0C, 0xC0,
    0xFF, 0x00, 0x00, 0x00, 0x00, 0x00, 0xC0, 0xFF, 0x07, 0x0C, 0xC0, 0x00, 0x0C, 0xF8, 0xFF, 0x00,
    0x00, 0x00, 0x00, 0x00, 0x00, 0xFC, 0x07, 0x18, 0xF0, 0x03, 0x07, 0xFC, 0x0F, 0x00, 0x00, 0x00,
    0x00, 0x00, 0x00, 0xC0, 0x07, 0xF0, 0xFF, 0xFF, 0x03, 0xF8, 0x00, 0x00, 0x00, 0x00, 0x00, 0x00,
    0x00, 0x80, 0x07, 0xE0, 0x0F, 0xFC, 0x01, 0x38, 0x00, 0x00, 0x00, 0x00, 0x00, 0x00, 0x00, 0x80,
    0x37, 0x00, 0x00, 0x00, 0x80, 0x7B, 0x00, 0x00, 0x00, 0x00, 0x00, 0x00, 0x00, 0x80, 0xFF, 0x00,
    0x00, 0x00, 0xC0, 0x7F, 0x00, 0x00, 0x00, 0x00, 0x00, 0x00, 0x00, 0x80, 0xFF, 0x01, 0x00, 0x00,
    0xE0, 0x7F, 0x00, 0x00, 0x00, 0x00, 0x00, 0x00, 0x00, 0x80, 0xEF, 0x03, 0x00, 0x00, 0xF0, 0x7D,
    0x00, 0x00, 0x00, 0x00, 0x00, 0x00, 0x00, 0x00, 0xC0, 0x07, 0x00, 0x00, 0xF8, 0x00, 0x00, 0x00,
    0x00, 0x00, 0x00, 0x00, 0x00, 0x00, 0x80, 0xCF, 0x00, 0xC0, 0x7C, 0x00, 0x00, 0x00, 0x00, 0x00,
    0x00, 0x00, 0x00, 0x00, 0x00, 0xFE, 0x01, 0xE0, 0x1F, 0x00, 0x00, 0x00, 0x00, 0x00, 0x00, 0x00,
    0x00, 0x00, 0x00, 0xFC, 0x07, 0xF8, 0x0F, 0x00, 0x00, 0x00, 0x00, 0x00, 0x00, 0x00, 0x00, 0x00,
    0x00, 0xF8, 0x3F, 0xFF, 0x07, 0x00, 0x00, 0x00, 0x00, 0x00, 0x00, 0x00, 0x00, 0x00, 0x00, 0xE0,
    0xFF, 0xFF, 0x01, 0x00, 0x00, 0x00, 0x00, 0x00, 0x00, 0x00, 0x00, 0x00, 0x00, 0x80, 0xF9, 0x67,
    0x00, 0x00, 0x00, 0x00, 0x00, 0x00, 0x00, 0x00, 0x00, 0x00, 0x00, 0x00, 0xE0, 0x01, 0x00, 0x00,
    0x00, 0x00, 0x00, 0x00, 0x00, 0x00, 0x00, 0x00, 0x00, 0x00, 0x00, 0x00, 0x00, 0x00, 0x00, 0x00,
    0x00, 0x00, 0x00, 0x00, 0x00, 0x00, 0x00, 0x00, 0x00, 0x00, 0x00, 0x00, 0x00, 0x00, 0x00, 0x00,
    0x00, 0x00, 0x00, 0x00, 0x00, 0x00, 0x00, 0x00, 0x00, 0x00, 0x00, 0x00, 0x00, 0x00, 0x00, 0x00,
    0x00, 0x00, 0x00, 0x00, 0x00, 0x00, 0x00, 0x00, 0x00, 0x00, 0x00, 0x00, 0x00, 0x00, 0x00, 0x00,
    0x00, 0x00, 0x00, 0x00, 0x00, 0x00, 0x00, 0x00, 0x00, 0x00, 0x00, 0x00, 0x00, 0x00, 0x00, 0x00,
    0x00, 0x00, 0x00, 0x00, 0x00, 0x00, 0x00, 0x00, 0x00, 0x00, 0x00, 0x00, 0x00, 0x00, 0x00, 0x00,
    0x00, 0x00, 0x00, 0x00, 0x00, 0x00, 0x00, 0x00, 0x00, 0x00, 0x00, 0x00, 0x00, 0x00, 0x00, 0x00,
    0x00, 0x00, 0x00, 0x00
};

const unsigned char face_listening[] PROGMEM = {
    0x00, 0x00, 0x00, 0x00, 0x00, 0x00, 0x00, 0x00, 0x00, 0x00, 0x00, 0x00, 0x00, 0x00, 0x00, 0x00,
    0x00, 0x00, 0x00, 0x00, 0x00, 0x00, 0x00, 0x00, 0x00, 0x00, 0x00, 0x00, 0x00, 0x00, 0x00, 0x00,
    0x00, 0x00, 0x00, 0x00, 0x00, 0x00, 0x00, 0x00, 0x00, 0x00, 0x00, 0x00, 0x00, 0x00, 0x00, 0x00,
    0x00, 0x00, 0x00, 0x00, 0x00, 0x00, 0x00, 0x00, 0x00, 0x00, 0x00, 0x00, 0x00, 0x00, 0x00, 0x00,
    0x00, 0x00, 0x00, 0x00, 0x00, 0x00, 0x00, 0x00, 0x00, 0x00, 0x00, 0x00, 0x00, 0x00, 0x00, 0x00,
    0x00, 0x00, 0x00, 0x00, 0x00, 0x00, 0x00, 0x00, 0x00, 0x00, 0x00, 0x00, 0x00, 0x00, 0x00, 0x00,
    0x00, 0x00, 0x00, 0x00, 0x00, 0x00, 0x00, 0x00, 0x00, 0x00, 0x00, 0x00, 0x00, 0x00, 0x00, 0x00,
    0x00, 0x00, 0x00, 0x07, 0x00, 0x00, 0x00, 0x00, 0x00, 0x00, 0x38, 0x00, 0x00, 0x00, 0x00, 0x00,
    0x80, 0x1F, 0x00, 0x00, 0x00, 0x00, 0x00, 0x00, 0x7E, 0x00, 0x00, 0x00, 0x00, 0x00, 0xC0, 0x3F,
    0x00, 0x00, 0x00, 0x00, 0x00, 0x00, 0xFF, 0x00, 0x00, 0x00, 0x00, 0x00, 0xE0, 0x7F, 0x00, 0x00,
    0x00, 0x00, 0x00, 0x80, 0xFF, 0x01, 0x00, 0x00, 0x00, 0x00, 0xF0, 0xF8, 0x00, 0x00, 0x00, 0x00,
    0x00, 0xC0, 0xC7, 0x03, 0x00, 0x00, 0x00, 0x00, 0x70, 0xE0, 0x01, 0x00, 0x00, 0x00, 0x00, 0xE0,
    0x81, 0x03, 0x00, 0x00, 0x00, 0x00, 0x70, 0xC0, 0x03, 0x00, 0x00, 0x00, 0x00, 0xF0, 0x80, 0x03,
    0x00, 0x00, 0x00, 0x00, 0x78, 0x80, 0x07, 0x00, 0x00, 0x00, 0x00, 0x78, 0x80, 0x07, 0x00, 0x00,
    0x00, 0x00, 0x38, 0x06, 0x0F, 0x00, 0x00, 0x00, 0x00, 0x3C, 0x18, 0x07, 0x00, 0x00, 0x00, 0x00,
    0x38, 0x0E, 0x1E, 0x00, 0x00, 0x00, 0x00, 0x1E, 0x1C, 0x07, 0x00, 0x00, 0x00, 0x00, 0x38, 0x0E,
    0x3C, 0x00, 0x00, 0x00, 0x00, 0x0F, 0x1C, 0x07, 0x00, 0x00, 0x00, 0x00, 0x3C, 0x1F, 0x78, 0x00,
    0x00, 0x00, 0x80, 0x07, 0x1E, 0x07, 0x00, 0x00, 0x00, 0x00, 0x1C, 0x3F, 0xF8, 0x00, 0x00, 0x00,
    0xC0, 0x07, 0x3F, 0x0F, 0x00, 0x00, 0x00, 0x00, 0x1C, 0x7F, 0xF0, 0x00, 0x00, 0x00, 0xC0, 0x83,
    0x3F, 0x0E, 0x00, 0x00, 0x00, 0x00, 0x1C, 0xFF, 0xE0, 0x0D, 0x00, 0x00, 0xEC, 0xC1, 0x3F, 0x0E,
    0x00, 0x00, 0x00, 0x00, 0x1C, 0xFF, 0xC0, 0x3F, 0x00, 0x00, 0xFF, 0xC0, 0x3F, 0x0E, 0x00, 0x00,
    0x00, 0x00, 0x9C, 0xFF, 0x81, 0x7F, 0x00, 0x80, 0x7F, 0xE0, 0x3F, 0x0E, 0x00, 0x00, 0x00, 0x00,
    0x9C, 0xFF, 0x83, 0xFF, 0x00, 0xC0, 0x3F, 0xF0, 0x7F, 0x0E, 0x00, 0x00, 0x00, 0x00, 0x8E, 0xFF,
    0x03, 0xEF, 0xFF, 0xFF, 0x3D, 0xF0, 0x7F, 0x0E, 0x00, 0x00, 0x00, 0x00, 0x8E, 0xFF, 0x07, 0xCE,
    0xFF, 0xFF, 0x1C, 0xF8, 0x7F, 0x1C, 0x00, 0x00, 0x00, 0x00, 0x8E, 0xFF, 0x07, 0xDE, 0xFF, 0xFF,
    0x0E, 0xF8, 0x7F, 0x1C, 0x00, 0x00, 0x00, 0x00, 0x8E, 0xBF, 0x0F, 0x9C, 0x3F, 0x7F, 0x0E, 0x7C,
    0x7F, 0x1C, 0x00, 0x00, 0x00, 0x00, 0x8E, 0x3F, 0x0E, 0xB8, 0x3F, 0x7F, 0x07, 0x1C, 0x7F, 0x1C,
    0x00, 0x00, 0x00, 0x00, 0x8E, 0x7F, 0x0C, 0xF8, 0x3F, 0xFF, 0x07, 0x8C, 0x7F, 0x1C, 0x00, 0x00,
    0x00, 0x00, 0x8E, 0x7F, 0x18, 0xFE, 0x3F, 0xFF, 0x1F, 0x86, 0x7F, 0x1C, 0x00, 0x00, 0x00, 0x00,
    0x8E, 0xFF, 0x00, 0xFF, 0x3F, 0xFF, 0x3F, 0xC0, 0x7F, 0x1C, 0x00, 0x00, 0x00, 0x00, 0x8E, 0x1F,
    0xC0, 0xFF, 0x3F, 0xFF, 0xFF, 0x00, 0x7E, 0x1C, 0x00, 0x00, 0x00, 0x00, 0x8E, 0x3F, 0xE0, 0xFF,
    0x1F, 0xFE, 0xFF, 0x01, 0x7F, 0x1C, 0x00, 0x00, 0x00, 0x00, 0x8E, 0x3F, 0xF8, 0xFF, 0xDF, 0xFE,
    0xFF, 0x07, 0x7F, 0x1C, 0x00, 0x00, 0x00, 0x80, 0x8F, 0x7F, 0xFC, 0xFF, 0xDF, 0xFE, 0xFF, 0x8F,
    0x3F, 0x3E, 0x00, 0x00, 0x00, 0x80, 0x0F, 0x7F, 0xFE, 0x3F, 0x3F, 0xBF, 0xFF, 0x9F, 0x3F, 0x3E,
    0x00, 0x00, 0x00, 0x00, 0x1F, 0x0F, 0xFE, 0x3F, 0x3E, 0x1F, 0xFF, 0x1F, 0x3E, 0x3E, 0x00, 0x00,
    0x00, 0x00, 0x1F, 0x1F, 0xFE, 0x3F, 0x3E, 0x9F, 0xFF, 0x1F, 0x3E, 0x3A, 0x00, 0x00, 0x00, 0x00,
    0x07, 0x9F, 0xFF, 0xFF, 0x3E, 0xDF, 0xFF, 0x7F, 0x3E, 0x38, 0x00, 0x00, 0x00, 0x00, 0x07, 0xFE,
    0xFF, 0xFF, 0x3C, 0xCF, 0xFF, 0xFF, 0x1F, 0x38, 0x00, 0x00, 0x00, 0x00, 0x07, 0xFE, 0xFF, 0xFF,
    0x39, 0xE7, 0xFF, 0xFF, 0x1F, 0x38, 0x00, 0x00, 0x00, 0x00, 0x07, 0xFE, 0xFF, 0xFF, 0x33, 0xFB,
    0xFF, 0xFF, 0x1F, 0x1C, 0x00, 0x00, 0x00, 0x00, 0x8E, 0xFF, 0x7F, 0xF0, 0x37, 0xF9, 0x87, 0xFF,
    0x7F, 0x1C, 0x00, 0x00, 0x00, 0x00, 0x8E, 0xFF, 0xFF, 0xE0, 0xF7, 0xF9, 0xC1, 0xFF, 0x7F, 0x1C,
    0x00, 0x00, 0x00, 0x00, 0x8E, 0xFF, 0x3F, 0x80, 0xF7, 0x79, 0x00, 0xFF, 0x3F, 0x0E, 0x00, 0x00,
    0x00, 0x00, 0x1E, 0xFF, 0x07, 0x00, 0xE7, 0x79, 0x00, 0xF8, 0x3F, 0x1E, 0x00, 0x00, 0x00, 0x80,
    0x1F, 0xFF, 0x01, 0x00, 0xFF, 0x3F, 0x00, 0xE0, 0x3F, 0x7F, 0x00, 0x00, 0x00, 0x00, 0x0F, 0xFF,
    0x01, 0x00, 0xFE, 0x1F, 0x00, 0xE0, 0x3F, 0x3C, 0x00, 0x00, 0x00, 0x00, 0x8E, 0xFF, 0x01, 0x00,
    0xFE, 0x1F, 0x00, 0xE0, 0x7F, 0x1E, 0x00, 0x00, 0x00, 0x00, 0xFE, 0xFF, 0xF0, 0x07, 0xFE, 0x1F,
    0xF8, 0xC3, 0xFF, 0x1F, 0x00, 0x00, 0x00, 0x00, 0xFC, 0x7F, 0xF8, 0x0F, 0xFE, 0x1F, 0xFC, 0x87,
    0xFF, 0x0F, 0x00, 0x00, 0x00, 0x00, 0xFC, 0x3F, 0xFC, 0x1F, 0xFE, 0x1F, 0xFE, 0x0F, 0xFF, 0x0F,
    0x00, 0x00, 0x00, 0x00, 0xFE, 0x1F, 0x06, 0x38, 0xFC, 0x0F, 0x07, 0x18, 0xFE, 0x1F, 0x00, 0x00,
    0x00, 0x00, 0xFF, 0x1F, 0x00, 0x20, 0xFC, 0x0F, 0x01, 0x00, 0xFE, 0x3F, 0x00, 0x00, 0x00, 0x80,
    0xFF, 0x0F, 0xE0, 0x07, 0xFC, 0x0F, 0xF8, 0x01, 0xFC, 0x7F, 0x00, 0x00, 0x00, 0xE0, 0xCF, 0x0F,
    0x70, 0x1E, 0xFC, 0x0F, 0x9E, 0x03, 0xFC, 0xFC, 0x01, 0x00, 0x00, 0xF0, 0xE3, 0x3F, 0x18, 0x3F,
    0xFC, 0x0F, 0x3F, 0x06, 0xFF, 0xF1, 0x03, 0x00, 0x00, 0xF0, 0xC1, 0x7F, 0x9C, 0x3C, 0xEC, 0x0D,
    0x79, 0x8E, 0xFF, 0xE0, 0x03, 0x00, 0x00, 0xE0, 0x03, 0x3F, 0xCC, 0x7C, 0xC4, 0x88, 0x71, 0x0C,
    0x3F, 0xF8, 0x01, 0x00, 0x00, 0xC0, 0x0F, 0x3F, 0xCE, 0x7D, 0xC0, 0x80, 0xFB, 0x0C, 0x3F, 0xFC,
    0x00, 0x00, 0x00, 0x80, 0x8F, 0x1F, 0xCE, 0x7F, 0x00, 0x80, 0xFF, 0x0C, 0x7E, 0x3C, 0x00, 0x00,
    0x00, 0x80, 0xC7, 0x1F, 0xCC, 0x7F, 0x00, 0x80, 0xFF, 0x0C, 0xFE, 0x78, 0x00, 0x00, 0x00, 0xC0,
    0xC3, 0x1F, 0x8C, 0x7F, 0x00, 0x80, 0x7F, 0x04, 0xFE, 0xF0, 0x00, 0x00, 0x00, 0xE0, 0xE1, 0x38,
    0x98, 0x7F, 0x00, 0x80, 0x7F, 0x06, 0xC3, 0xE1, 0x01, 0x00, 0x00, 0xF0, 0x70, 0x36, 0x00, 0x7E,
    0x00, 0x80, 0x1E, 0x01, 0x99, 0xC3, 0x03, 0x00, 0x00, 0x78, 0x00, 0x6F, 0x00, 0x00, 0x00, 0x00,
    0x00, 0x80, 0x3D, 0x80, 0x07, 0x00, 0x00, 0x7C, 0x00, 0x6F, 0x00, 0x00, 0x00, 0x00, 0x00, 0x80,
    0x3D, 0x80, 0x0F, 0x00, 0x00, 0xF8, 0x00, 0xCF, 0x00, 0x00, 0x00, 0x00, 0x00, 0xC0, 0x3C, 0xC0,
    0x07, 0x00, 0x00, 0xF0, 0x03, 0x98, 0x01, 0x00, 0x00, 0x00, 0x00, 0x60, 0x06, 0xF0, 0x03, 0x00,
    0x00, 0xE0, 0x0F, 0x30, 0x0F, 0x00, 0x00, 0x00, 0x00, 0x3C, 0x03, 0xFC, 0x01, 0x00, 0x00, 0x80,
    0x7F, 0x70, 0x00, 0x00, 0x00, 0x00, 0x00, 0x80, 0x81, 0x7F, 0x00, 0x00, 0x00, 0x00, 0xFE, 0x60,
    0x00, 0x00, 0xFC, 0x0F, 0x00, 0x80, 0xC1, 0x1F, 0x00, 0x00, 0x00, 0x00, 0x78, 0x00, 0x00, 0x00,
    0xFE, 0x1F, 0x00, 0x00, 0xC0, 0x07, 0x00, 0x00, 0x00, 0x00, 0x3C, 0x00, 0x00, 0x00, 0x83, 0x3F,
    0x00, 0x00, 0x00, 0x0F, 0x00, 0x00, 0x00, 0x00, 0x1E, 0x00, 0x00, 0x00, 0xFF, 0x3F, 0x00, 0x00,
    0x00, 0x1F, 0x00, 0x00, 0x00, 0x00, 0x0F, 0x00, 0x00, 0x00, 0xFF, 0x3F, 0x00, 0x00, 0x00, 0x3E,
    0x00, 0x00, 0x00, 0x80, 0x3F, 0x00, 0x00, 0x00, 0xFF, 0x3F, 0x00, 0x00, 0x00, 0x3F, 0x00, 0x00,
    0x00, 0x00, 0xFF, 0x07, 0x00, 0x00, 0xFE, 0x1F, 0x00, 0x00, 0xF8, 0x3F, 0x00, 0x00, 0x00, 0x00,
    0xFC, 0x3F, 0x00, 0x00, 0xFE, 0x1F, 0x00, 0x00, 0xFF, 0x0F, 0x00, 0x00, 0x00, 0x00, 0xE0, 0x1F,
    0x00, 0x00, 0xFC, 0x0F, 0x00, 0x00, 0xFE, 0x01, 0x00, 0x00, 0x00, 0x00, 0x80, 0x07, 0x00, 0x00,
    0xF0, 0x03, 0x00, 0x00, 0x78, 0x00, 0x00, 0x00, 0x00, 0x00, 0x80, 0x07, 0x00, 0x00, 0xE0, 0x01,
    0x00, 0x00, 0x78, 0x00, 0x00, 0x00, 0x00, 0x00, 0xC0, 0x7F, 0x00, 0x00, 0xC0, 0x00, 0x00, 0x80,
    0xFF, 0x00, 0x00, 0x00, 0x00, 0x00, 0xC0, 0xFF, 0x03, 0x00, 0xC0, 0x00, 0x00, 0xF0, 0xFF, 0x00,
    0x00, 0x00, 0x00, 0x00, 0x00, 0xFC, 0x0F, 0x00, 0xC0, 0x00, 0x00, 0xFC, 0x0F, 0x00, 0x00, 0x00,
    0x00, 0x00, 0x00, 0xC0, 0x07, 0x00, 0xF0, 0x03, 0x00, 0xF8, 0x00, 0x00, 0x00, 0x00, 0x00, 0x00,
    0x00, 0x00, 0x07, 0x00, 0xFC, 0x0F, 0x00, 0x38, 0x00, 0x00, 0x00, 0x00, 0x00, 0x00, 0x00, 0x00,
    0x07, 0x00, 0x0C, 0x0C, 0x00, 0x38, 0x00, 0x00, 0x00, 0x00, 0x00, 0x00, 0x00, 0x80, 0xFF, 0x00,
    0x00, 0x00, 0xC0, 0x3F, 0x00, 0x00, 0x00, 0x00, 0x00, 0x00, 0x00, 0x80, 0xFF, 0x01, 0x00, 0x00,
    0xE0, 0x7F, 0x00, 0x00, 0x00, 0x00, 0x00, 0x00, 0x00, 0x00, 0xFF, 0x03, 0x00, 0x00, 0xF0, 0x3F,
    0x00, 0x00, 0x00, 0x00, 0x00, 0x00, 0x00, 0x00, 0xC0, 0x07, 0x00, 0x00, 0xF8, 0x00, 0x00, 0x00,
    0x00, 0x00, 0x00, 0x00, 0x00, 0x00, 0x80, 0x4F, 0x00, 0xC0, 0x7C, 0x00, 0x00, 0x00, 0x00, 0x00,
    0x00, 0x00, 0x00, 0x00, 0x00, 0xDF, 0x01, 0xE0, 0x1E, 0x00, 0x00, 0x00, 0x00, 0x00, 0x00, 0x00,
    0x00, 0x00, 0x00, 0xFC, 0x07, 0xF8, 0x0F, 0x00, 0x00, 0x00, 0x00, 0x00, 0x00, 0x00, 0x00, 0x00,
    0x00, 0xF8, 0x1F, 0xFE, 0x07, 0x00, 0x00, 0x00, 0x00, 0x00, 0x00, 0x00, 0x00, 0x00, 0x00, 0xE0,
    0xFF, 0xFF, 0x01, 0x00, 0x00, 0x00, 0x00, 0x00, 0x00, 0x00, 0x00, 0x00, 0x00, 0x80, 0xF9, 0x67,
    0x00, 0x00, 0x00, 0x00, 0x00, 0x00, 0x00, 0x00, 0x00, 0x00, 0x00, 0x00, 0xE0, 0x01, 0x00, 0x00,
    0x00, 0x00, 0x00, 0x00, 0x00, 0x00, 0x00, 0x00, 0x00, 0x00, 0x00, 0x00, 0x00, 0x00, 0x00, 0x00,
    0x00, 0x00, 0x00, 0x00, 0x00, 0x00, 0x00, 0x00, 0x00, 0x00, 0x00, 0x00, 0x00, 0x00, 0x00, 0x00,
    0x00, 0x00, 0x00, 0x00, 0x00, 0x00, 0x00, 0x00, 0x00, 0x00, 0x00, 0x00, 0x00, 0x00, 0x00, 0x00,
    0x00, 0x00, 0x00, 0x00, 0x00, 0x00, 0x00, 0x00, 0x00, 0x00, 0x00, 0x00, 0x00, 0x00, 0x00, 0x00,
    0x00, 0x00, 0x00, 0x00, 0x00, 0x00, 0x00, 0x00, 0x00, 0x00, 0x00, 0x00, 0x00, 0x00, 0x00, 0x00,
    0x00, 0x00, 0x00, 0x00, 0x00, 0x00, 0x00, 0x00, 0x00, 0x00, 0x00, 0x00, 0x00, 0x00, 0x00, 0x00,
    0x00, 0x00, 0x00, 0x00, 0x00, 0x00, 0x00, 0x00, 0x00, 0x00, 0x00, 0x00, 0x00, 0x00, 0x00, 0x00,
    0x00, 0x00, 0x00, 0x00
};

const unsigned char face_overwhelmed[] PROGMEM = {
    0x00, 0x00, 0x00, 0x00, 0x00, 0x00, 0x00, 0x00, 0x00, 0x00, 0x00, 0x00, 0x00, 0x00, 0x00, 0x00,
    0x00, 0x00, 0x00, 0x00, 0x00, 0x00, 0x00, 0x00, 0x00, 0x00, 0x00, 0x00, 0x00, 0x00, 0x00, 0x00,
    0x00, 0x00, 0x00, 0x00, 0x00, 0x00, 0x00, 0x00, 0x00, 0x00, 0x00, 0x00, 0x00, 0x00, 0x00, 0x00,
    0x00, 0x00, 0x00, 0x00, 0x00, 0x00, 0x00, 0x00, 0x00, 0x00, 0x00, 0x00, 0x00, 0x00, 0x00, 0x00,
    0x00, 0x00, 0x00, 0x00, 0x00, 0x00, 0x00, 0x00, 0x00, 0x00, 0x00, 0x00, 0x00, 0x00, 0x00, 0x00,
    0x00, 0x00, 0x00, 0x00, 0x00, 0x00, 0x00, 0x00, 0x00, 0x00, 0x00, 0x00, 0x00, 0x00, 0x00, 0x00,
    0x00, 0x00, 0x00, 0x00, 0x00, 0x00, 0x00, 0x00, 0x00, 0x00, 0x00, 0x00, 0x00, 0x00, 0x00, 0x00,
    0x00, 0x00, 0x00, 0x0E, 0x00, 0x00, 0x00, 0x00, 0x00, 0x00, 0x1C, 0x00, 0x00, 0x00, 0x00, 0x00,
    0x80, 0x1F, 0x00, 0x00, 0x00, 0x00, 0x00, 0x00, 0x7E, 0x00, 0x00, 0x00, 0x00, 0x00, 0xC0, 0x7F,
    0x00, 0x00, 0x00, 0x00, 0x00, 0x00, 0xFF, 0x00, 0x00, 0x00, 0x00, 0x00, 0xE0, 0xFF, 0x00, 0x00,
    0x80, 0x01, 0x00, 0xC0, 0xFF, 0x01, 0x00, 0x00, 0x00, 0x00, 0xE0, 0xF1, 0x01, 0x00, 0x80, 0x00,
    0x00, 0xE0, 0xE3, 0x01, 0x00, 0x00, 0x00, 0x00, 0xE0, 0xE0, 0x03, 0x00, 0xC0, 0x00, 0x00, 0xF0,
    0xC1, 0x01, 0x00, 0x00, 0x00, 0x00, 0xF0, 0xC0, 0x07, 0x00, 0xC0, 0x00, 0x00, 0xF8, 0x80, 0x03,
    0x00, 0x00, 0x00, 0x00, 0x70, 0x80, 0x0F, 0x00, 0x60, 0x00, 0x00, 0x7C, 0x80, 0x03, 0x00, 0x00,
    0x00, 0x00, 0x70, 0x04, 0x1F, 0x00, 0xE0, 0x03, 0x00, 0x3E, 0x88, 0x03, 0x00, 0x00, 0x00, 0x00,
    0x70, 0x0E, 0x3E, 0x00, 0xF0, 0x03, 0x00, 0x1F, 0x9C, 0x03, 0x00, 0x00, 0x00, 0x00, 0x38, 0x1E,
    0x7C, 0x00, 0x80, 0x01, 0x00, 0x0F, 0x1E, 0x07, 0x00, 0x00, 0x00, 0x00, 0x38, 0x3E, 0x78, 0x00,
    0x80, 0x01, 0x80, 0x07, 0x1F, 0x07, 0x00, 0x00, 0x00, 0x00, 0x38, 0x7E, 0xF0, 0x00, 0x80, 0x00,
    0xC0, 0x03, 0x1F, 0x07, 0x00, 0x00, 0x00, 0x00, 0x38, 0x7F, 0xE0, 0x11, 0xC0, 0x00, 0xE2, 0x81,
    0x3F, 0x07, 0x00, 0x00, 0x00, 0x00, 0x38, 0xFF, 0xC0, 0x33, 0x40, 0x00, 0xF3, 0xC1, 0x3F, 0x07,
    0x00, 0x00, 0x00, 0x00, 0x1C, 0xFF, 0xC1, 0x77, 0x00, 0x80, 0xF3, 0xE0, 0x3F, 0x0E, 0x00, 0x00,
    0x00, 0x00, 0x1C, 0xFF, 0x81, 0xFF, 0x00, 0xC0, 0x7F, 0xE0, 0x3F, 0x0E, 0x00, 0x00, 0x00, 0x00,
    0x1C, 0xFF, 0x03, 0x3F, 0x00, 0x00, 0x3F, 0xF0, 0x3F, 0x0E, 0x00, 0x00, 0x00, 0x00, 0x1C, 0xFF,
    0x03, 0x7E, 0xC0, 0x80, 0x3F, 0xF0, 0x3F, 0x0E, 0x00, 0x00, 0x00, 0x00, 0x1C, 0xFF, 0x07, 0xFE,
    0xFF, 0xFF, 0x1F, 0xF8, 0x3F, 0x0E, 0x00, 0x00, 0x00, 0x00, 0x1C, 0xFF, 0x07, 0xDC, 0xFF, 0xFF,
    0x0E, 0xF8, 0x7F, 0x0E, 0x00, 0x00, 0x00, 0x00, 0x9C, 0xBF, 0x0F, 0xDC, 0xFF, 0xFF, 0x0E, 0x7C,
    0x7F, 0x0E, 0x00, 0x00, 0x00, 0x00, 0x9C, 0x7F, 0x0E, 0x98, 0x3F, 0x7F, 0x06, 0x9C, 0x7F, 0x0E,
    0x00, 0x00, 0x00, 0x04, 0x9C, 0x7F, 0x1C, 0xF0, 0x3F, 0xFF, 0x07, 0x8E, 0x7F, 0x0E, 0x08, 0x00,
    0x00, 0x0C, 0x9C, 0x7F, 0x18, 0xF8, 0x3F, 0xFF, 0x0F, 0x86, 0x7F, 0x0E, 0x0C, 0x00, 0x00, 0x18,
    0x9C, 0xFF, 0x00, 0xFE, 0x3F, 0xFF, 0x3F, 0xC0, 0x7F, 0x0E, 0x06, 0x00, 0x00, 0x38, 0x9C, 0x9F,
    0x80, 0xFF, 0x3F, 0xFF, 0x7F, 0x40, 0x7E, 0x0E, 0x07, 0x00, 0x00, 0x3C, 0x1C, 0x3F, 0xE0, 0xFF,
    0x3F, 0xFF, 0xFF, 0x01, 0x7F, 0x0E, 0x0F, 0x00, 0x00, 0x18, 0x1C, 0x3F, 0xF0, 0xFF, 0xDF, 0xFE,
    0xFF, 0x03, 0x3F, 0x0E, 0x06, 0x00, 0x00, 0x30, 0x1F, 0x7F, 0xF8, 0xFF, 0xDF, 0xFE, 0xFF, 0x8F,
    0x3F, 0x3E, 0x03, 0x00, 0x00, 0x20, 0x1F, 0x7F, 0xFE, 0xFF, 0x1F, 0xFE, 0xFF, 0x9F, 0x3F, 0x3E,
    0x01, 0x00, 0x00, 0x00, 0x1F, 0x1F, 0xFE, 0x3F, 0x3E, 0x1F, 0xFF, 0x1F, 0x3E, 0x3E, 0x00, 0x00,
    0x00, 0x00, 0x1F, 0x1F, 0xFC, 0x3F, 0x7E, 0x1F, 0xFF, 0x1F, 0x3E, 0x3E, 0x00, 0x00, 0x00, 0x00,
    0x07, 0x3F, 0xFF, 0x7F, 0x3E, 0x9F, 0xFF, 0x3F, 0x3E, 0x38, 0x00, 0x00, 0x00, 0x00, 0x07, 0xBE,
    0xFF, 0xFF, 0x3C, 0xDF, 0xFF, 0x7F, 0x1F, 0x38, 0x00, 0x00, 0x00, 0x00, 0x0E, 0xFE, 0xFF, 0xFF,
    0x39, 0xE7, 0xFF, 0xFF, 0x1F, 0x1C, 0x00, 0x00, 0x00, 0x00, 0x0E, 0xFE, 0xFF, 0xFF, 0x33, 0xF3,
    0xFF, 0xFF, 0x1F, 0x1C, 0x00, 0x00, 0x00, 0x00, 0x8E, 0xFC, 0xFF, 0xFF, 0x27, 0xFB, 0xFF, 0xFF,
    0x5F, 0x1C, 0x00, 0x00, 0x00, 0x00, 0x8E, 0xFF, 0xFF, 0xFF, 0xE7, 0xF9, 0xFF, 0xFF, 0x7F, 0x1C,
    0x00, 0x00, 0x00, 0x00, 0x1C, 0xFF, 0xFF, 0xF1, 0xE7, 0xF9, 0xE3, 0xFF, 0x3F, 0x0E, 0x00, 0x00,
    0x00, 0x00, 0x1C, 0xFF, 0xFF, 0xC1, 0xE7, 0xF9, 0xE0, 0xFF, 0x3F, 0x0E, 0x00, 0x00, 0x00, 0x00,
    0x3F, 0xFE, 0xFF, 0x81, 0xFF, 0x7F, 0xE0, 0xFF, 0x3F, 0x3F, 0x00, 0x00, 0x00, 0x00, 0x3F, 0xFF,
    0x7F, 0x00, 0xFF, 0x3F, 0x80, 0xFF, 0x3F, 0x3F, 0x00, 0x00, 0x00, 0x00, 0x8F, 0xFF, 0x07, 0x00,
    0xFF, 0x3F, 0x00, 0xF8, 0x7F, 0x3C, 0x00, 0x00, 0x00, 0x00, 0x9E, 0xFF, 0x00, 0x00, 0xFE, 0x1F,
    0x00, 0xC0, 0xFF, 0x1E, 0x00, 0x00, 0x00, 0x00, 0xFC, 0xFF, 0x00, 0x60, 0xFE, 0x9F, 0x01, 0xC0,
    0xFF, 0x0F, 0x00, 0x00, 0x00, 0x00, 0xF8, 0x7F, 0x00, 0x78, 0xFE, 0x9F, 0x07, 0x80, 0xFF, 0x07,
    0x00, 0x00, 0x00, 0x00, 0xFC, 0x3F, 0x00, 0x7E, 0xFE, 0x9F, 0x1F, 0x00, 0xFF, 0x0F, 0x00, 0x00,
    0x00, 0x00, 0xFE, 0x1F, 0xC0, 0x3F, 0xFE, 0x1F, 0xFF, 0x00, 0xFE, 0x1F, 0x00, 0x00, 0x00, 0x00,
    0xFF, 0x0F, 0xFC, 0x0F, 0xFC, 0x0F, 0xFC, 0x0F, 0xFC, 0x3F, 0x00, 0x00, 0x00, 0xC0, 0xDF, 0x0F,
    0xFC, 0x01, 0xFC, 0x0F, 0xE0, 0x0F, 0xFC, 0xFE, 0x00, 0x00, 0x00, 0xE0, 0xC7, 0x1F, 0x00, 0x0F,
    0xFC, 0x0F, 0x3C, 0x00, 0xFE, 0xF8, 0x01, 0x00, 0x00, 0xF0, 0xE1, 0x7F, 0xC0, 0x3F, 0xFC, 0x0F,
    0xFF, 0x80, 0xFF, 0xE1, 0x03, 0x00, 0x00, 0xF0, 0x81, 0x7F, 0x60, 0x70, 0xE4, 0x89, 0x83, 0x81,
    0x7F, 0xE0, 0x03, 0x00, 0x00, 0xE0, 0x07, 0x3F, 0x30, 0x4F, 0xC4, 0x88, 0x38, 0x03, 0x3F, 0xF8,
    0x01, 0x00, 0x00, 0x80, 0x0F, 0x1F, 0x98, 0xDF, 0x00, 0xC0, 0x7E, 0x06, 0x3E, 0xFC, 0x00, 0x00,
    0x00, 0x80, 0x8F, 0x1F, 0xD8, 0x90, 0x00, 0x40, 0xC2, 0x06, 0x7E, 0x7C, 0x00, 0x00, 0x00, 0x80,
    0xC7, 0x1F, 0xD8, 0xB6, 0x00, 0x40, 0x9B, 0x06, 0xFE, 0xF8, 0x00, 0x00, 0x00, 0xC0, 0xE3, 0x1F,
    0xD8, 0xB6, 0x00, 0x40, 0xDB, 0x06, 0xFE, 0xF1, 0x00, 0x00, 0x00, 0xE0, 0xE1, 0x30, 0x98, 0xB7,
    0x00, 0x40, 0x7B, 0x06, 0xC3, 0xE1, 0x01, 0x00, 0x00, 0xF0, 0x70, 0x37, 0x30, 0xD0, 0x00, 0xC0,
    0x06, 0x03, 0xBB, 0xC3, 0x03, 0x00, 0x00, 0x78, 0x00, 0x6F, 0x60, 0x1C, 0x00, 0x80, 0x8E, 0x81,
    0x3D, 0x80, 0x07, 0x00, 0x00, 0x7C, 0x00, 0x6D, 0xC0, 0x07, 0x00, 0x00, 0xF8, 0x80, 0x2D, 0x80,
    0x0F, 0x00, 0x00, 0xF8, 0x00, 0xCF, 0x20, 0x10, 0x00, 0x00, 0x02, 0xC1, 0x3C, 0xC0, 0x0F, 0x00,
    0x00, 0xF0, 0x03, 0x98, 0xE3, 0x1F, 0x00, 0x00, 0xFC, 0x71, 0x06, 0xF0, 0x03, 0x00, 0x00, 0xE0,
    0x0F, 0xB8, 0x0F, 0x0F, 0x00, 0x00, 0x3C, 0x7C, 0x03, 0xFC, 0x01, 0x00, 0x00, 0x80, 0x7F, 0x30,
    0x00, 0x06, 0xF0, 0x03, 0x38, 0x00, 0x83, 0x7F, 0x00, 0x00, 0x00, 0x00, 0xFE, 0x60, 0x00, 0x00,
    0xFE, 0x1F, 0x00, 0x80, 0xC1, 0x1F, 0x00, 0x00, 0x00, 0x00, 0x7C, 0x00, 0x00, 0x00, 0x83, 0x3F,
    0x00, 0x00, 0x80, 0x0F, 0x00, 0x00, 0x00, 0x00, 0x3C, 0x00, 0x00, 0x00, 0xC3, 0x3F, 0x00, 0x00,
    0x00, 0x0F, 0x00, 0x00, 0x00, 0x00, 0x1E, 0x00, 0x00, 0x00, 0xFF, 0x3F, 0x00, 0x00, 0x00, 0x1E,
    0x00, 0x00, 0x00, 0x00, 0x0F, 0x00, 0x00, 0x00, 0xFF, 0x3F, 0x00, 0x00, 0x00, 0x3C, 0x00, 0x00,
    0x00, 0x80, 0x3F, 0x00, 0x00, 0x00, 0xFE, 0x1F, 0x00, 0x00, 0x00, 0x7F, 0x00, 0x00, 0x00, 0x00,
    0xFF, 0x03, 0x00, 0x00, 0xFE, 0x1F, 0x00, 0x00, 0xF0, 0x3F, 0x00, 0x00, 0x00, 0x00, 0xFC, 0x1F,
    0x00, 0x00, 0xFC, 0x0F, 0x00, 0x00, 0xFE, 0x0F, 0x00, 0x00, 0x00, 0x00, 0xE0, 0x0F, 0x00, 0x00,
    0xF8, 0x07, 0x00, 0x00, 0xFC, 0x01, 0x00, 0x00, 0x00, 0x00, 0x80, 0x07, 0x00, 0x00, 0xE0, 0x01,
    0x00, 0x00, 0x78, 0x00, 0x00, 0x00, 0x00, 0x00, 0xC0, 0x07, 0x00, 0x00, 0xC0, 0x00, 0x00, 0x00,
    0xF8, 0x00, 0x00, 0x00, 0x00, 0x00, 0xC0, 0x7F, 0x00, 0x00, 0xC0, 0x00, 0x00, 0x80, 0xFF, 0x00,
    0x00, 0x00, 0x00, 0x00, 0xC0, 0xFF, 0x03, 0x80, 0xE3, 0x71, 0x00, 0xF0, 0xFF, 0x00, 0x00, 0x00,
    0x00, 0x00, 0x00, 0xFC, 0x07, 0xC0, 0xFF, 0xFF, 0x00, 0xF8, 0x0F, 0x00, 0x00, 0x00, 0x00, 0x00,
    0x00, 0xC0, 0x07, 0xC0, 0x1C, 0x8E, 0x01, 0xF8, 0x00, 0x00, 0x00, 0x00, 0x00, 0x00, 0x00, 0x80,
    0x03, 0x00, 0x00, 0x00, 0x00, 0x70, 0x00, 0x00, 0x00, 0x00, 0x00, 0x00, 0x00, 0x80, 0x7F, 0x00,
    0x00, 0x00, 0x80, 0x7F, 0x00, 0x00, 0x00, 0x00, 0x00, 0x00, 0x00, 0x80, 0xFF, 0x00, 0x00, 0x00,
    0xC0, 0x7F, 0x00, 0x00, 0x00, 0x00, 0x00, 0x00, 0x00, 0x80, 0xFF, 0x01, 0x00, 0x00, 0xE0, 0x7F,
    0x00, 0x00, 0x00, 0x00, 0x00, 0x00, 0x00, 0x80, 0xE3, 0x03, 0x00, 0x00, 0xF0, 0x71, 0x00, 0x00,
    0x00, 0x00, 0x00, 0x00, 0x00, 0x00, 0xC0, 0x27, 0x00, 0x00, 0xF9, 0x00, 0x00, 0x00, 0x00, 0x00,
    0x00, 0x00, 0x00, 0x00, 0x80, 0xCF, 0x00, 0xC0, 0x7C, 0x00, 0x00, 0x00, 0x00, 0x00, 0x00, 0x00,
    0x00, 0x00, 0x00, 0xFF, 0x03, 0xF0, 0x3F, 0x00, 0x00, 0x00, 0x00, 0x00, 0x00, 0x00, 0x00, 0x00,
    0x00, 0xFC, 0x0F, 0xFC, 0x0F, 0x00, 0x00, 0x00, 0x00, 0x00, 0x00, 0x00, 0x00, 0x00, 0x00, 0xF8,
    0x3F, 0xFF, 0x07, 0x00, 0x00, 0x00, 0x00, 0x00, 0x00, 0x00, 0x00, 0x00, 0x00, 0xE0, 0xFF, 0xFF,
    0x01, 0x00, 0x00, 0x00, 0x00, 0x00, 0x00, 0x00, 0x00, 0x00, 0x00, 0x80, 0xF8, 0x47, 0x00, 0x00,
    0x00, 0x00, 0x00, 0x00, 0x00, 0x00, 0x00, 0x00, 0x00, 0x00, 0xE0, 0x00, 0x00, 0x00, 0x00, 0x00,
    0x00, 0x00, 0x00, 0x00, 0x00, 0x00, 0x00, 0x00, 0x00, 0x00, 0x00, 0x00, 0x00, 0x00, 0x00, 0x00,
    0x00, 0x00, 0x00, 0x00, 0x00, 0x00, 0x00, 0x00, 0x00, 0x00, 0x00, 0x00, 0x00, 0x00, 0x00, 0x00,
    0x00, 0x00, 0x00, 0x00, 0x00, 0x00, 0x00, 0x00, 0x00, 0x00, 0x00, 0x00, 0x00, 0x00, 0x00, 0x00,
    0x00, 0x00, 0x00, 0x00, 0x00, 0x00, 0x00, 0x00, 0x00, 0x00, 0x00, 0x00, 0x00, 0x00, 0x00, 0x00,
    0x00, 0x00, 0x00, 0x00, 0x00, 0x00, 0x00, 0x00, 0x00, 0x00, 0x00, 0x00, 0x00, 0x00, 0x00, 0x00,
    0x00, 0x00, 0x00, 0x00, 0x00, 0x00, 0x00, 0x00, 0x00, 0x00, 0x00, 0x00, 0x00, 0x00, 0x00, 0x00,
    0x00, 0x00, 0x00, 0x00
};

const unsigned char face_reboot[] PROGMEM = {
    0x00, 0x00, 0x00, 0x00, 0x00, 0x00, 0x00, 0x00, 0x00, 0x00, 0x00, 0x00, 0x00, 0x00, 0x00, 0x00,
    0x00, 0x00, 0x00, 0x00, 0x00, 0x00, 0x00, 0x00, 0x00, 0x00, 0x00, 0x00, 0x00, 0x00, 0x00, 0x00,
    0x00, 0x00, 0x00, 0x00, 0x00, 0x00, 0x00, 0x00, 0x00, 0x00, 0x00, 0x00, 0x00, 0x00, 0x00, 0x00,
    0x00, 0x00, 0x00, 0x00, 0x00, 0x00, 0x00, 0x00, 0x00, 0x00, 0x00, 0x00, 0x00, 0x00, 0x00, 0x00,
    0x00, 0x00, 0x00, 0x00, 0x00, 0x00, 0x00, 0x00, 0x00, 0x00, 0x00, 0x00, 0x00, 0x00, 0x00, 0x00,
    0x00, 0x00, 0x00, 0x00, 0x00, 0x00, 0x00, 0x00, 0x00, 0x00, 0xC0, 0x00, 0x00, 0x00, 0x00, 0x00,
    0x00, 0x00, 0x00, 0x00, 0x00, 0x00, 0x00, 0x00, 0xC0, 0x00, 0x00, 0x00, 0x00, 0x00, 0x00, 0x00,
    0x00, 0x00, 0x00, 0x00, 0x00, 0x00, 0xC0, 0x00, 0x00, 0x00, 0x00, 0x00, 0x00, 0x00, 0x00, 0x00,
    0x00, 0x00, 0x00, 0x00, 0xC0, 0x00, 0x00, 0x00, 0x08, 0x00, 0x00, 0x00, 0x00, 0x00, 0x00, 0x1E,
    0x00, 0x00, 0xC0, 0x00, 0x00, 0x00, 0x1E, 0x00, 0x00, 0x00, 0x00, 0x00, 0x00, 0x3F, 0x00, 0x00,
    0xC0, 0x00, 0x00, 0x00, 0x7F, 0x00, 0x00, 0x00, 0x00, 0x00, 0x80, 0x7F, 0x00, 0x0C, 0x00, 0x00,
    0x0C, 0x80, 0xFF, 0x00, 0x00, 0x00, 0x00, 0x00, 0xC0, 0xF3, 0x00, 0x1C, 0x00, 0x00, 0x0E, 0xC0,
    0xF3, 0x00, 0x00, 0x00, 0x00, 0x00, 0xC0, 0xE1, 0x01, 0x38, 0x00, 0x00, 0x07, 0xE0, 0xE1, 0x01,
    0x00, 0x00, 0x00, 0x00, 0xE0, 0xC0, 0x03, 0x30, 0xF0, 0x1B, 0x03, 0xF0, 0xC0, 0x01, 0x00, 0x00,
    0x00, 0x00, 0xE0, 0x80, 0x07, 0x00, 0xF8, 0x1F, 0x00, 0x78, 0xC0, 0x01, 0x00, 0x00, 0x00, 0x00,
    0xE0, 0x00, 0x0F, 0x00, 0x1C, 0x1E, 0x00, 0x3C, 0xC0, 0x01, 0x00, 0x00, 0x00, 0x00, 0xE0, 0x0C,
    0x1E, 0x00, 0x06, 0x1F, 0x00, 0x1E, 0xCC, 0x03, 0x00, 0x00, 0x00, 0x00, 0x70, 0x1C, 0x3C, 0x00,
    0x06, 0x1E, 0x00, 0x0F, 0x8E, 0x03, 0x00, 0x00, 0x00, 0x00, 0x70, 0x3C, 0x78, 0x00, 0x03, 0x00,
    0x80, 0x07, 0x8F, 0x03, 0x00, 0x00, 0x00, 0x00, 0x70, 0x3C, 0xF0, 0x00, 0x03, 0x30, 0xC0, 0x03,
    0x8F, 0x03, 0x00, 0x00, 0x00, 0x00, 0x70, 0x7E, 0xE0, 0x00, 0x03, 0x30, 0xC0, 0x81, 0x9F, 0x03,
    0x00, 0x00, 0x00, 0x00, 0x78, 0xFE, 0xE0, 0x01, 0x07, 0x30, 0xE0, 0xC1, 0x1F, 0x07, 0x00, 0x00,
    0x00, 0x00, 0x38, 0xFE, 0xC1, 0x03, 0x06, 0x18, 0xF0, 0xE0, 0x1F, 0x07, 0x00, 0x00, 0x00, 0x00,
    0x38, 0xFE, 0x81, 0x1B, 0x0E, 0x1C, 0x76, 0xE0, 0x1F, 0x07, 0x00, 0x00, 0x00, 0x00, 0x38, 0xFE,
    0x03, 0x7F, 0x3C, 0x8F, 0x3F, 0xF0, 0x1F, 0x07, 0x00, 0x00, 0x00, 0x00, 0x38, 0xFE, 0x07, 0xFF,
    0x30, 0xC7, 0x3F, 0xF8, 0x1F, 0x07, 0x00, 0x00, 0x00, 0x00, 0x38, 0xFF, 0x07, 0xFE, 0x00, 0xC0,
    0x1F, 0xF8, 0x3F, 0x07, 0x00, 0x00, 0x00, 0x00, 0x38, 0xFF, 0x0F, 0xDE, 0xFF, 0xFF, 0x1E, 0xFC,
    0x3F, 0x07, 0x00, 0x00, 0x00, 0x00, 0x38, 0xFF, 0x0F, 0xDC, 0xFF, 0xFF, 0x0E, 0xFC, 0x3F, 0x07,
    0x00, 0x00, 0x00, 0x00, 0x18, 0x7F, 0x0E, 0x98, 0xFF, 0x7F, 0x06, 0x9C, 0x3F, 0x06, 0x00, 0x00,
    0x00, 0x00, 0x1C, 0x7F, 0x1C, 0xB8, 0xBF, 0x7F, 0x07, 0x8E, 0x3F, 0x0E, 0x00, 0x00, 0x00, 0x00,
    0x1C, 0xFF, 0x18, 0xF8, 0xBF, 0xFF, 0x03, 0xC6, 0x3F, 0x0E, 0x00, 0x00, 0x00, 0x00, 0x1C, 0xFF,
    0x10, 0xF8, 0xBF, 0xFF, 0x07, 0xC2, 0x3F, 0x0E, 0x00, 0x00, 0x00, 0x00, 0x1C, 0xFF, 0x00, 0xFE,
    0xBF, 0xFF, 0x1F, 0xC0, 0x3F, 0x0E, 0x00, 0x00, 0x00, 0x00, 0x1C, 0x3F, 0x80, 0xFF, 0x3F, 0xFF,
    0x7F, 0x00, 0x3F, 0x06, 0x00, 0x00, 0x00, 0x00, 0x18, 0x3F, 0xE0, 0xFF, 0x1F, 0xFE, 0xFF, 0x01,
    0x3F, 0x06, 0x00, 0x00, 0x00, 0x00, 0x3E, 0x7F, 0xF0, 0xFF, 0xDF, 0xFE, 0xFF, 0x83, 0x1F, 0x17,
    0x00, 0x00, 0x00, 0x00, 0x3F, 0xFE, 0xF8, 0xFF, 0xDF, 0xFE, 0xFF, 0x87, 0x1F, 0x3F, 0x00, 0x00,
    0x00, 0x00, 0x3F, 0x3E, 0xFE, 0x3F, 0x1E, 0x1E, 0xFF, 0x1F, 0x1F, 0x1F, 0x00, 0x00, 0x00, 0x00,
    0x3E, 0x1E, 0xFC, 0x3F, 0x3E, 0x1F, 0xFF, 0x0F, 0x1E, 0x1F, 0x00, 0x00, 0x00, 0x00, 0x2E, 0x3E,
    0xFE, 0x7F, 0xBE, 0x9F, 0xFF, 0x1F, 0x1F, 0x1D, 0x00, 0x00, 0x00, 0x00, 0x0E, 0x3E, 0xFF, 0xFF,
    0xBE, 0xDF, 0xFF, 0x3F, 0x0F, 0x1C, 0x00, 0x00, 0x00, 0x00, 0x0E, 0xFC, 0xFF, 0xFF, 0xBD, 0xEF,
    0xFF, 0xFF, 0x0F, 0x1C, 0x00, 0x00, 0x00, 0x00, 0x0E, 0xFC, 0xFF, 0xFF, 0xBB, 0xF3, 0xFF, 0xFF,
    0x0F, 0x1C, 0x00, 0x00, 0x00, 0x00, 0x1C, 0xFC, 0xFF, 0xFF, 0xB7, 0xFB, 0xFF, 0xFF, 0x0F, 0x0E,
    0x00, 0x00, 0x00, 0x00, 0x1C, 0xFF, 0x7F, 0xF8, 0xF7, 0xFD, 0xC7, 0xFF, 0x3F, 0x0E, 0x00, 0x00,
    0x00, 0x00, 0x1C, 0xFF, 0x3F, 0xE0, 0xF7, 0xFD, 0x01, 0xFF, 0x3F, 0x0E, 0x00, 0x00, 0x00, 0x00,
    0x38, 0xFE, 0x07, 0xC0, 0xE7, 0xFD, 0x00, 0xF8, 0x1F, 0x07, 0x00, 0x00, 0x00, 0x00, 0x3E, 0xFE,
    0x03, 0x80, 0xE7, 0x7D, 0x00, 0xF0, 0x1F, 0x1F, 0x00, 0x00, 0x00, 0x00, 0x3E, 0xFE, 0x03, 0x00,
    0xFF, 0x3F, 0x00, 0xF0, 0x1F, 0x1F, 0x00, 0x00, 0x00, 0x00, 0x1E, 0xFF, 0x01, 0x00, 0xFF, 0x3F,
    0x00, 0xE0, 0x3F, 0x1E, 0x00, 0x00, 0x00, 0x00, 0xBC, 0xFF, 0xE0, 0x07, 0xFE, 0x1F, 0xF8, 0xC1,
    0x7F, 0x0F, 0x00, 0x00, 0x00, 0x00, 0xF8, 0x7F, 0xF8, 0x1F, 0xFE, 0x1F, 0xFE, 0x83, 0xFF, 0x07,
    0x00, 0x00, 0x00, 0x00, 0xF0, 0x3F, 0x78, 0x3E, 0xFE, 0x1F, 0x9F, 0x07, 0xFF, 0x03, 0x00, 0x00,
    0x00, 0x00, 0xF8, 0x1F, 0x0C, 0x30, 0xFE, 0x0F, 0x01, 0x0C, 0xFE, 0x07, 0x00, 0x00, 0x00, 0x00,
    0xFC, 0x1F, 0x00, 0x00, 0xFC, 0x0F, 0x00, 0x00, 0xFE, 0x0F, 0x00, 0x00, 0x00, 0x00, 0xFF, 0x0F,
    0x00, 0x00, 0xFC, 0x0F, 0x00, 0x00, 0xFC, 0x3F, 0x00, 0x00, 0x00, 0x80, 0x9F, 0x0F, 0x80, 0x0F,
    0xFC, 0x0F, 0x7C, 0x00, 0x7C, 0x7E, 0x00, 0x00, 0x00, 0xE0, 0xC7, 0x1F, 0xE0, 0x18, 0xFC, 0x0F,
    0xC6, 0x01, 0xFF, 0xF8, 0x01, 0x00, 0x00, 0xE0, 0xC3, 0x7F, 0x70, 0x3E, 0xFC, 0x0F, 0x9F, 0x83,
    0xFF, 0xF0, 0x01, 0x00, 0x00, 0xC0, 0x07, 0x3F, 0x30, 0x3F, 0xEC, 0x0D, 0x3F, 0x83, 0x1F, 0xF8,
    0x00, 0x00, 0x00, 0x80, 0x1F, 0x3E, 0x98, 0x71, 0xC4, 0x88, 0x63, 0x06, 0x1F, 0x7E, 0x00, 0x00,
    0x00, 0x00, 0x1F, 0x1F, 0x98, 0x79, 0x00, 0x80, 0x73, 0x06, 0x3E, 0x3E, 0x00, 0x00, 0x00, 0x00,
    0x8F, 0x1F, 0x8C, 0x7F, 0x00, 0x80, 0x7F, 0x0C, 0x7E, 0x3C, 0x00, 0x00, 0x00, 0x80, 0x87, 0x1F,
    0x8C, 0x7F, 0x00, 0x80, 0x7F, 0x04, 0x7E, 0x78, 0x00, 0x00, 0x00, 0xC0, 0xC3, 0x3B, 0x98, 0x3F,
    0x00, 0x00, 0x7F, 0x06, 0xF7, 0xF0, 0x00, 0x00, 0x00, 0xE0, 0xE1, 0x30, 0x10, 0x3F, 0x00, 0x00,
    0x3F, 0x02, 0xC1, 0xE1, 0x01, 0x00, 0x00, 0xF0, 0x60, 0x6F, 0x00, 0x1E, 0x00, 0x00, 0x1E, 0x80,
    0x9D, 0xC0, 0x03, 0x00, 0x00, 0x78, 0x00, 0x6B, 0x00, 0x00, 0x00, 0x00, 0x00, 0x80, 0x35, 0x80,
    0x07, 0x00, 0x00, 0xF8, 0x00, 0xCF, 0x00, 0x00, 0x00, 0x00, 0x00, 0xC0, 0x3C, 0xC0, 0x07, 0x00,
    0x00, 0xF0, 0x01, 0xDE, 0x01, 0x00, 0x00, 0x00, 0x00, 0x60, 0x1E, 0xE0, 0x03, 0x00, 0x00, 0xE0,
    0x07, 0xB0, 0x0F, 0x00, 0xFC, 0x0F, 0x00, 0x7C, 0x03, 0xF8, 0x01, 0x00, 0x00, 0x80, 0x3F, 0x30,
    0x0E, 0x00, 0xFF, 0x1F, 0x00, 0x1C, 0x01, 0x7F, 0x00, 0x00, 0x00, 0x00, 0xFE, 0x61, 0x00, 0x00,
    0xC3, 0x3F, 0x00, 0x80, 0xE1, 0x1F, 0x00, 0x00, 0x00, 0x00, 0xF8, 0x40, 0x00, 0x00, 0xFB, 0x3F,
    0x00, 0x80, 0xC0, 0x07, 0x00, 0x00, 0x00, 0x00, 0x78, 0x00, 0x00, 0x00, 0xFF, 0x3F, 0x00, 0x00,
    0x80, 0x07, 0x00, 0x00, 0x00, 0x00, 0x3C, 0x00, 0x00, 0x00, 0xFF, 0x3F, 0x00, 0x00, 0x00, 0x0F,
    0x00, 0x00, 0x00, 0x00, 0x1E, 0x00, 0x00, 0x00, 0xFE, 0x1F, 0x00, 0x00, 0x00, 0x1E, 0x00, 0x00,
    0x00, 0x00, 0x3F, 0x00, 0x00, 0x00, 0xFE, 0x0F, 0x00, 0x00, 0x00, 0x3F, 0x00, 0x00, 0x00, 0x00,
    0xFF, 0x01, 0x00, 0x00, 0xFC, 0x0F, 0x00, 0x00, 0xF0, 0x3F, 0x00, 0x00, 0x00, 0x00, 0xFC, 0x3F,
    0x00, 0x00, 0xF8, 0x03, 0x00, 0x00, 0xFF, 0x0F, 0x00, 0x00, 0x00, 0x00, 0xE0, 0x1F, 0x00, 0x00,
    0xE0, 0x01, 0x00, 0x00, 0xFE, 0x01, 0x00, 0x00, 0x00, 0x00, 0x80, 0x0F, 0x00, 0x00, 0xC0, 0x00,
    0x00, 0x00, 0x3C, 0x00, 0x00, 0x00, 0x00, 0x00, 0x80, 0x07, 0x00, 0x30, 0xC0, 0x00, 0x03, 0x00,
    0x78, 0x00, 0x00, 0x00, 0x00, 0x00, 0xC0, 0x7F, 0x00, 0x60, 0xC0, 0x80, 0x01, 0x80, 0xFF, 0x00,
    0x00, 0x00, 0x00, 0x00, 0xC0, 0xFF, 0x03, 0xE0, 0xF0, 0xC3, 0x01, 0xF0, 0xFF, 0x00, 0x00, 0x00,
    0x00, 0x00, 0x00, 0xF8, 0x0F, 0xC0, 0x3F, 0xFF, 0x00, 0xFC, 0x07, 0x00, 0x00, 0x00, 0x00, 0x00,
    0x00, 0xC0, 0x07, 0x00, 0x0F, 0x3C, 0x00, 0xF8, 0x00, 0x00, 0x00, 0x00, 0x00, 0x00, 0x00, 0x00,
    0x07, 0x00, 0x00, 0x00, 0x00, 0x38, 0x00, 0x00, 0x00, 0x00, 0x00, 0x00, 0x00, 0x00, 0x37, 0x00,
    0x00, 0x00, 0x80, 0x3B, 0x00, 0x00, 0x00, 0x00, 0x00, 0x00, 0x00, 0x00, 0xFF, 0x00, 0x00, 0x00,
    0xC0, 0x3F, 0x00, 0x00, 0x00, 0x00, 0x00, 0x00, 0x00, 0x00, 0xFF, 0x01, 0x00, 0x00, 0xE0, 0x3F,
    0x00, 0x00, 0x00, 0x00, 0x00, 0x00, 0x00, 0x00, 0xC7, 0x03, 0x00, 0x00, 0xF0, 0x38, 0x00, 0x00,
    0x00, 0x00, 0x00, 0x00, 0x00, 0x00, 0x80, 0x47, 0x00, 0x80, 0x78, 0x00, 0x00, 0x00, 0x00, 0x00,
    0x00, 0x00, 0x00, 0x00, 0x00, 0xCF, 0x00, 0xC0, 0x3E, 0x00, 0x00, 0x00, 0x00, 0x00, 0x00, 0x00,
    0x00, 0x00, 0x00, 0xFE, 0x03, 0xF0, 0x1F, 0x00, 0x00, 0x00, 0x00, 0x00, 0x00, 0x00, 0x00, 0x00,
    0x00, 0xFC, 0x0F, 0xFC, 0x0F, 0x00, 0x00, 0x00, 0x00, 0x00, 0x00, 0x00, 0x00, 0x00, 0x00, 0xF0,
    0x3F, 0xFF, 0x03, 0x00, 0x00, 0x00, 0x00, 0x00, 0x00, 0x00, 0x00, 0x00, 0x00, 0xE0, 0xFF, 0xFF,
    0x01, 0x00, 0x00, 0x00, 0x00, 0x00, 0x00, 0x00, 0x00, 0x00, 0x00, 0x80, 0xF9, 0x63, 0x00, 0x00,
    0x00, 0x00, 0x00, 0x00, 0x00, 0x00, 0x00, 0x00, 0x00, 0x00, 0xC0, 0x00, 0x00, 0x00, 0x00, 0x00,
    0x00, 0x00, 0x00, 0x00, 0x00, 0x00, 0x00, 0x00, 0x00, 0x00, 0x00, 0x00, 0x00, 0x00, 0x00, 0x00,
    0x00, 0x00, 0x00, 0x00, 0x00, 0x00, 0x00, 0x00, 0x00, 0x00, 0x00, 0x00, 0x00, 0x00, 0x00, 0x00,
    0x00, 0x00, 0x00, 0x00, 0x00, 0x00, 0x00, 0x00, 0x00, 0x00, 0x00, 0x00, 0x00, 0x00, 0x00, 0x00,
    0x00, 0x00, 0x00, 0x00, 0x00, 0x00, 0x00, 0x00, 0x00, 0x00, 0x00, 0x00, 0x00, 0x00, 0x00, 0x00,
    0x00, 0x00, 0x00, 0x00, 0x00, 0x00, 0x00, 0x00, 0x00, 0x00, 0x00, 0x00, 0x00, 0x00, 0x00, 0x00,
    0x00, 0x00, 0x00, 0x00, 0x00, 0x00, 0x00, 0x00, 0x00, 0x00, 0x00, 0x00, 0x00, 0x00, 0x00, 0x00,
    0x00, 0x00, 0x00, 0x00
};

const unsigned char face_shutdown[] PROGMEM = {
    0x00, 0x00, 0x00, 0x00, 0x00, 0x00, 0x00, 0x00, 0x00, 0x00, 0x00, 0x00, 0x00, 0x00, 0x00, 0x00,
    0x00, 0x00, 0x00, 0x00, 0x00, 0x00, 0x00, 0x00, 0x00, 0x00, 0x00, 0x00, 0x00, 0x00, 0x00, 0x00,
    0x00, 0x00, 0x00, 0x00, 0x00, 0x00, 0x00, 0x00, 0x00, 0x00, 0x00, 0x00, 0x00, 0x00, 0x00, 0x00,
    0x00, 0x00, 0x00, 0x00, 0x00, 0x00, 0x00, 0x00, 0x00, 0x00, 0x00, 0x00, 0x00, 0x00, 0x00, 0x00,
    0x00, 0x00, 0x00, 0x00, 0x00, 0x00, 0x00, 0x00, 0x00, 0x00, 0x00, 0x00, 0x00, 0x00, 0x00, 0x00,
    0x00, 0x00, 0x00, 0x00, 0x00, 0x00, 0x00, 0x00, 0x00, 0x00, 0x00, 0x00, 0x00, 0x00, 0x00, 0x00,
    0x00, 0x00, 0x00, 0x00, 0x00, 0x00, 0x00, 0x00, 0x00, 0x00, 0x00, 0x00, 0x00, 0x00, 0x00, 0x00,
    0x00, 0x00, 0x00, 0x00, 0x00, 0x00, 0x00, 0x00, 0x00, 0x00, 0x00, 0x00, 0x00, 0x00, 0x00, 0x00,
    0x00, 0x00, 0x00, 0x00, 0x00, 0xFE, 0x07, 0x00, 0x00, 0x00, 0x00, 0x00, 0x00, 0x00, 0x00, 0x00,
    0x00, 0x00, 0xE0, 0xFF, 0x7F, 0x00, 0x00, 0x00, 0x00, 0x00, 0x00, 0x00, 0x00, 0x00, 0x00, 0x00,
    0xF8, 0xFF, 0xFF, 0x03, 0x00, 0x00, 0x00, 0x00, 0x00, 0x00, 0x00, 0x00, 0x00, 0x00, 0xFE, 0x00,
    0xF0, 0x0F, 0x00, 0x00, 0x00, 0x00, 0x00, 0x00, 0x00, 0x00, 0x00, 0x80, 0x1F, 0x00, 0x80, 0x3F,
    0x00, 0x00, 0x00, 0x00, 0x00, 0x00, 0x00, 0x00, 0x00, 0xE0, 0x07, 0x00, 0x00, 0x7C, 0x00, 0x00,
    0x00, 0x00, 0x00, 0x00, 0x00, 0x00, 0x00, 0xF0, 0x01, 0x00, 0x00, 0xF0, 0x01, 0x00, 0x00, 0x00,
    0x00, 0x00, 0x00, 0x00, 0x00, 0x78, 0x00, 0x00, 0x00, 0xE0, 0x03, 0x00, 0x00, 0x00, 0x00, 0x00,
    0x00, 0x00, 0x00, 0x3C, 0x00, 0x00, 0x00, 0x80, 0x07, 0x00, 0x00, 0x00, 0x00, 0x00, 0x1C, 0x00,
    0x00, 0x1E, 0x00, 0x00, 0x00, 0x00, 0x0F, 0x0E, 0x00, 0x00, 0x00, 0x00, 0xFC, 0x00, 0x00, 0x0F,
    0x00, 0x00, 0x00, 0x01, 0x9E, 0x0F, 0x00, 0x00, 0x00, 0x00, 0xFE, 0x03, 0x80, 0x07, 0x00, 0x00,
    0x00, 0x02, 0xF8, 0x1F, 0x00, 0x00, 0x00, 0x00, 0xFE, 0x07, 0xC0, 0x03, 0x00, 0x00, 0x00, 0x06,
    0xF8, 0x1F, 0x00, 0x00, 0x00, 0x00, 0xCE, 0x1F, 0xE0, 0x01, 0x00, 0x00, 0x00, 0x0C, 0xFE, 0x1C,
    0x00, 0x00, 0x00, 0x00, 0x0F, 0x3F, 0xE0, 0x00, 0x00, 0x00, 0x00, 0x18, 0x3F, 0x1C, 0x00, 0x00,
    0x00, 0x00, 0x0F, 0xFC, 0x70, 0xF8, 0x7F, 0x00, 0x00, 0x98, 0x0F, 0x3C, 0x00, 0x00, 0x00, 0x00,
    0x07, 0xF8, 0xF1, 0xFF, 0xFF, 0x0F, 0x00, 0xF8, 0x07, 0x38, 0x00, 0x00, 0x00, 0x00, 0x47, 0xE0,
    0xFB, 0x1F, 0xE0, 0x7F, 0x00, 0xF0, 0x83, 0x38, 0x00, 0x00, 0x00, 0x00, 0xC7, 0xC1, 0xFF, 0x00,
    0x00, 0xF8, 0x03, 0xF0, 0xE0, 0x38, 0x00, 0x00, 0x00, 0x00, 0xC7, 0x83, 0x1F, 0x00, 0x00, 0xC0,
    0x0F, 0x70, 0xF0, 0x38, 0x00, 0x00, 0x00, 0x00, 0xC7, 0x07, 0x07, 0x00, 0x00, 0x00, 0x3E, 0x60,
    0xF8, 0x38, 0x00, 0x00, 0x00, 0x00, 0xC7, 0x0F, 0x03, 0x00, 0x00, 0x00, 0xF8, 0x60, 0xFC, 0x38,
    0x00, 0x00, 0x00, 0x00, 0xC7, 0x9F, 0x03, 0x00, 0x00, 0x00, 0xE0, 0x61, 0xFE, 0x78, 0x00, 0x00,
    0x00, 0x00, 0xC7, 0xBF, 0x03, 0x00, 0x00, 0x00, 0x80, 0x67, 0xFF, 0x78, 0x00, 0x00, 0x00, 0x00,
    0xC7, 0xBF, 0x01, 0x00, 0x00, 0x00, 0x00, 0xEF, 0xFF, 0xF8, 0x00, 0x00, 0x00, 0x00, 0xC7, 0xFF,
    0x01, 0xFC, 0xFF, 0x00, 0x00, 0xFC, 0xFF, 0xF8, 0x00, 0x00, 0x00, 0x00, 0xC7, 0xFF, 0x83, 0xFF,
    0xFF, 0x0F, 0x00, 0xF8, 0xFF, 0xF8, 0x01, 0x00, 0x00, 0x00, 0xC7, 0xEF, 0xE3, 0xFF, 0xFF, 0x7F,
    0x00, 0xF0, 0x7D, 0xB8, 0x01, 0x00, 0x00, 0x00, 0x87, 0x8F, 0xFF, 0xFF, 0x3F, 0xFF, 0x01, 0xE0,
    0x7C, 0x9C, 0x03, 0x00, 0x00, 0x00, 0x8F, 0x1F, 0xFF, 0xFF, 0x3F, 0xFF, 0x07, 0xC0, 0x7E, 0x9C,
    0x03, 0x00, 0x00, 0x00, 0x8E, 0x1F, 0xFE, 0xFF, 0x3F, 0xFF, 0x1F, 0xC0, 0x7E, 0x1C, 0x03, 0x00,
    0x00, 0x80, 0x8F, 0x3F, 0xF8, 0xFF, 0xDF, 0xFE, 0x7F, 0xC0, 0x3F, 0x7C, 0x07, 0x00, 0x00, 0x80,
    0x0F, 0x07, 0xFC, 0xFF, 0xDF, 0xFE, 0xFF, 0xC0, 0x38, 0x7C, 0x07, 0x00, 0x00, 0x80, 0x1F, 0x0F,
    0xFF, 0x3F, 0xDF, 0x3E, 0xFF, 0xE1, 0x3C, 0x3E, 0x06, 0x00, 0x00, 0x80, 0x03, 0x0F, 0xFF, 0x3F,
    0x3E, 0x1F, 0xFF, 0xE7, 0x3C, 0x38, 0x06, 0x00, 0x00, 0x00, 0x07, 0x1F, 0xFF, 0x3F, 0x3E, 0x1F,
    0xFF, 0x7F, 0x1E, 0x38, 0x06, 0x00, 0x00, 0x00, 0x07, 0x9E, 0xFF, 0x7F, 0x3F, 0x9F, 0xFF, 0x7F,
    0x1E, 0x38, 0x06, 0x00, 0x00, 0x00, 0x07, 0xFE, 0xFF, 0xFF, 0x3E, 0xDF, 0xFF, 0xFF, 0x1F, 0x38,
    0x06, 0x00, 0x00, 0x00, 0x8F, 0xFC, 0xFF, 0xFF, 0x39, 0xE7, 0xFF, 0xFF, 0x4F, 0x1C, 0x06, 0x00,
    0x00, 0x00, 0x8E, 0xFF, 0xFF, 0xFF, 0x33, 0xF3, 0xFF, 0xFF, 0x7F, 0x1C, 0x06, 0x00, 0x00, 0x00,
    0x8E, 0xFF, 0xFF, 0xFF, 0x37, 0xF9, 0xFF, 0xFF, 0x3F, 0x1E, 0x06, 0x00, 0x00, 0x00, 0x1E, 0xFF,
    0xFF, 0xFF, 0xF7, 0xF9, 0xFF, 0xFF, 0x3F, 0x0E, 0x06, 0x00, 0x00, 0x00, 0x1F, 0xFF, 0x7F, 0xF8,
    0xF7, 0xF9, 0x87, 0xFF, 0x1F, 0x1E, 0x06, 0x00, 0x00, 0x80, 0x3F, 0xFF, 0xFF, 0xE0, 0xF7, 0xF9,
    0xC1, 0xFF, 0x1F, 0x3F, 0x07, 0x00, 0x00, 0x00, 0x0F, 0xFF, 0xFF, 0xC0, 0xF7, 0xFF, 0xC0, 0xFF,
    0x3F, 0x1E, 0x07, 0x00, 0x00, 0x00, 0x9E, 0xFF, 0x0F, 0x80, 0xFF, 0x7F, 0x00, 0xFC, 0x7F, 0x1E,
    0x03, 0x00, 0x00, 0x00, 0xFE, 0xFF, 0x01, 0x00, 0xFF, 0x3F, 0x00, 0xE0, 0xFF, 0x0F, 0x03, 0x00,
    0x00, 0x00, 0xFC, 0xFF, 0x01, 0x00, 0xFF, 0x3F, 0x00, 0xE0, 0xFF, 0x87, 0x03, 0x00, 0x00, 0x00,
    0xFC, 0xFF, 0x00, 0x00, 0xFE, 0x1F, 0x00, 0xC0, 0xFF, 0x87, 0x03, 0x00, 0x00, 0x00, 0xFE, 0x7F,
    0x00, 0x00, 0xFE, 0x1F, 0x00, 0x80, 0xFF, 0x87, 0x01, 0x00, 0x00, 0x00, 0xFF, 0x1F, 0x00, 0x00,
    0xFE, 0x1F, 0x00, 0x00, 0xFE, 0x8F, 0x01, 0x00, 0x00, 0x80, 0xFF, 0x0F, 0x00, 0x00, 0xFE, 0x1F,
    0x00, 0x00, 0xFC, 0xFF, 0x03, 0x00, 0x00, 0xE0, 0xCF, 0x07, 0x00, 0x00, 0xFE, 0x0F, 0x00, 0x00,
    0xFC, 0xFE, 0x07, 0x00, 0x00, 0xF0, 0xE3, 0x0F, 0x00, 0x00, 0xFC, 0x0F, 0x00, 0x00, 0xFC, 0x07,
    0x0F, 0x00, 0x00, 0xF0, 0xC1, 0x3F, 0x00, 0x00, 0xEC, 0x0D, 0x00, 0x00, 0xFF, 0x03, 0x0C, 0x00,
    0x00, 0xE0, 0x03, 0x3F, 0x00, 0x00, 0xC4, 0x08, 0x00, 0x00, 0xBF, 0x01, 0x1C, 0x00, 0x00, 0xC0,
    0x0F, 0x1F, 0x00, 0x00, 0xC0, 0x00, 0x00, 0x00, 0xBF, 0x01, 0x18, 0x00, 0x00, 0x80, 0x8F, 0x1F,
    0x38, 0x60, 0x00, 0x80, 0x01, 0x07, 0xFE, 0x01, 0x18, 0x00, 0x00, 0x80, 0x8F, 0x1F, 0xF0, 0x3F,
    0x00, 0x00, 0xFF, 0x03, 0xFE, 0x01, 0x18, 0x00, 0x00, 0xC0, 0xC7, 0x1F, 0xE0, 0x1F, 0x00, 0x00,
    0xFE, 0x01, 0xFE, 0x01, 0x18, 0x00, 0x00, 0xC0, 0xE3, 0x39, 0x80, 0x0F, 0x00, 0x00, 0x7C, 0x00,
    0xE7, 0x03, 0x1C, 0x00, 0x00, 0xE0, 0x61, 0x36, 0x00, 0x00, 0x00, 0x00, 0x00, 0x00, 0xD9, 0x07,
    0x0E, 0x00, 0x00, 0xF0, 0x40, 0x2F, 0x00, 0x00, 0x00, 0x00, 0x00, 0x80, 0xBD, 0x8F, 0x07, 0x00,
    0x00, 0x78, 0x00, 0x6D, 0x00, 0x00, 0x00, 0x00, 0x00, 0x80, 0x35, 0xFE, 0x07, 0x00, 0x00, 0xFC,
    0x00, 0xCF, 0x00, 0x00, 0x00, 0x00, 0x00, 0xC0, 0x3C, 0xF0, 0x07, 0x00, 0x00, 0xF0, 0x03, 0xDC,
    0x01, 0x00, 0x00, 0x00, 0x00, 0x60, 0x06, 0xF0, 0x03, 0x00, 0x00, 0xE0, 0x0F, 0x98, 0x07, 0x00,
    0xFC, 0x0F, 0x00, 0x3C, 0x03, 0xFC, 0x01, 0x00, 0x00, 0xC0, 0x3F, 0x30, 0x00, 0x00, 0xFF, 0x1F,
    0x00, 0x80, 0x03, 0x7F, 0x00, 0x00, 0x00, 0x00, 0xFF, 0x60, 0x00, 0x00, 0x83, 0x3F, 0x00, 0x80,
    0xE1, 0x1F, 0x00, 0x00, 0x00, 0x00, 0xF8, 0x00, 0x00, 0x00, 0xFF, 0x3F, 0x00, 0x00, 0xC0, 0x07,
    0x00, 0x00, 0x00, 0x00, 0x78, 0x00, 0x00, 0x00, 0xFF, 0x3F, 0x00, 0x00, 0x80, 0x07, 0x00, 0x00,
    0x00, 0x00, 0x3C, 0x00, 0x00, 0x00, 0xFF, 0x3F, 0x00, 0x00, 0x00, 0x0F, 0x00, 0x00, 0x00, 0x00,
    0x1E, 0x00, 0x00, 0x00, 0xFE, 0x1F, 0x00, 0x00, 0x00, 0x1E, 0x00, 0x00, 0x00, 0x00, 0x1F, 0x00,
    0x00, 0x00, 0xFE, 0x0F, 0x00, 0x00, 0x00, 0x3E, 0x00, 0x00, 0x00, 0x00, 0xFF, 0x01, 0x00, 0x00,
    0xFC, 0x0F, 0x00, 0x00, 0xE0, 0x3F, 0x00, 0x00, 0x00, 0x00, 0xFC, 0x3F, 0x00, 0x00, 0xF8, 0x03,
    0x00, 0x00, 0xFF, 0x0F, 0x00, 0x00, 0x00, 0x00, 0xF0, 0x1F, 0x00, 0x0C, 0xE0, 0x01, 0x06, 0x00,
    0xFE, 0x01, 0x00, 0x00, 0x00, 0x00, 0x00, 0x0F, 0x00, 0x18, 0xC0, 0x00, 0x06, 0x00, 0x3C, 0x00,
    0x00, 0x00, 0x00, 0x00, 0x00, 0x07, 0x00, 0x38, 0xC0, 0x80, 0x03, 0x00, 0x38, 0x00, 0x00, 0x00,
    0x00, 0x00, 0x80, 0x3F, 0x00, 0xF0, 0xFF, 0xFF, 0x01, 0x00, 0x7F, 0x00, 0x00, 0x00, 0x00, 0x00,
    0xC0, 0xFF, 0x01, 0xC0, 0x3F, 0xFF, 0x00, 0xF0, 0x7F, 0x00, 0x00, 0x00, 0x00, 0x00, 0x00, 0xFF,
    0x07, 0x00, 0x00, 0x00, 0x00, 0xFC, 0x3F, 0x00, 0x00, 0x00, 0x00, 0x00, 0x00, 0xE0, 0x07, 0x00,
    0x00, 0x00, 0x00, 0xF8, 0x01, 0x00, 0x00, 0x00, 0x00, 0x00, 0x00, 0x00, 0x07, 0x00, 0x00, 0x00,
    0x00, 0x38, 0x00, 0x00, 0x00, 0x00, 0x00, 0x00, 0x00, 0x00, 0x07, 0x00, 0x00, 0x00, 0x80, 0x39,
    0x00, 0x00, 0x00, 0x00, 0x00, 0x00, 0x00, 0x00, 0xFF, 0x00, 0x00, 0x00, 0xE0, 0x3F, 0x00, 0x00,
    0x00, 0x00, 0x00, 0x00, 0x00, 0x00, 0xFF, 0x03, 0x00, 0x00, 0xF0, 0x3F, 0x00, 0x00, 0x00, 0x00,
    0x00, 0x00, 0x00, 0x00, 0xDF, 0xC7, 0x00, 0xC0, 0xF8, 0x3E, 0x00, 0x00, 0x00, 0x00, 0x00, 0x00,
    0x00, 0x00, 0x80, 0xDF, 0x01, 0x70, 0x3E, 0x00, 0x00, 0x00, 0x00, 0x00, 0x00, 0x00, 0x00, 0x00,
    0x00, 0xFE, 0x07, 0xFC, 0x1F, 0x00, 0x00, 0x00, 0x00, 0x00, 0x00, 0x00, 0x00, 0x00, 0x00, 0xFC,
    0x3F, 0xFF, 0x07, 0x00, 0x00, 0x00, 0x00, 0x00, 0x00, 0x00, 0x00, 0x00, 0x00, 0xF0, 0xFF, 0xFF,
    0x03, 0x00, 0x00, 0x00, 0x00, 0x00, 0x00, 0x00, 0x00, 0x00, 0x00, 0xC0, 0xF9, 0xE7, 0x00, 0x00,
    0x00, 0x00, 0x00, 0x00, 0x00, 0x00, 0x00, 0x00, 0x00, 0x00, 0xC0, 0x00, 0x00, 0x00, 0x00, 0x00,
    0x00, 0x00, 0x00, 0x00, 0x00, 0x00, 0x00, 0x00, 0x00, 0x00, 0x00, 0x00, 0x00, 0x00, 0x00, 0x00,
    0x00, 0x00, 0x00, 0x00, 0x00, 0x00, 0x00, 0x00, 0x00, 0x00, 0x00, 0x00, 0x00, 0x00, 0x00, 0x00,
    0x00, 0x00, 0x00, 0x00, 0x00, 0x00, 0x00, 0x00, 0x00, 0x00, 0x00, 0x00, 0x00, 0x00, 0x00, 0x00,
    0x00, 0x00, 0x00, 0x00, 0x00, 0x00, 0x00, 0x00, 0x00, 0x00, 0x00, 0x00, 0x00, 0x00, 0x00, 0x00,
    0x00, 0x00, 0x00, 0x00, 0x00, 0x00, 0x00, 0x00, 0x00, 0x00, 0x00, 0x00, 0x00, 0x00, 0x00, 0x00,
    0x00, 0x00, 0x00, 0x00, 0x00, 0x00, 0x00, 0x00, 0x00, 0x00, 0x00, 0x00, 0x00, 0x00, 0x00, 0x00,
    0x00, 0x00, 0x00, 0x00
};

const unsigned char face_sleep[] PROGMEM = {
    0x00, 0x00, 0x00, 0x00, 0x00, 0x00, 0x00, 0x00, 0x00, 0x00, 0x00, 0x00, 0x00, 0x00, 0x00, 0x00,
    0x00, 0x00, 0x00, 0x00, 0x00, 0x00, 0x00, 0x00, 0x00, 0x00, 0x00, 0x00, 0x00, 0x00, 0x00, 0x00,
    0x00, 0x00, 0x00, 0x00, 0x00, 0x00, 0x00, 0x00, 0x00, 0x00, 0x00, 0x00, 0x00, 0x00, 0x00, 0x00,
    0x00, 0x00, 0x00, 0x00, 0x00, 0x00, 0x00, 0x00, 0x00, 0x00, 0x00, 0x00, 0x00, 0x00, 0x00, 0x00,
    0x00, 0x00, 0x00, 0x00, 0x00, 0x00, 0x00, 0x00, 0x00, 0x00, 0x00, 0x00, 0x00, 0x00, 0x00, 0x00,
    0x00, 0x00, 0x00, 0x00, 0x00, 0x00, 0x00, 0x00, 0x00, 0x00, 0x00, 0x00, 0x00, 0x00, 0x00, 0x00,
    0x00, 0x00, 0x00, 0x00, 0x00, 0x00, 0x00, 0x00, 0x00, 0x00, 0x00, 0x00, 0x00, 0x00, 0x00, 0x00,
    0x00, 0x00, 0x00, 0x00, 0x00, 0x00, 0x00, 0x00, 0x00, 0x00, 0x00, 0x00, 0x00, 0x00, 0x00, 0x00,
    0x00, 0x00, 0x00, 0x00, 0x00, 0x00, 0x00, 0x00, 0x00, 0x00, 0x00, 0x00, 0x00, 0x00, 0x00, 0x03,
    0x00, 0x00, 0x00, 0x00, 0x00, 0x00, 0x30, 0x00, 0x00, 0x00, 0x00, 0x00, 0x80, 0x07, 0x00, 0x00,
    0x00, 0x00, 0x00, 0x00, 0x78, 0x00, 0x00, 0x00, 0x00, 0x00, 0xE0, 0x1F, 0x00, 0x00, 0x00, 0x00,
    0x00, 0x00, 0xFE, 0x00, 0x00, 0x00, 0x00, 0x00, 0xF0, 0x3F, 0x00, 0x00, 0x00, 0x00, 0x00, 0x00,
    0xFF, 0x03, 0x00, 0x00, 0x00, 0x00, 0xF0, 0x7C, 0x00, 0x00, 0x00, 0x00, 0x00, 0xC0, 0xCF, 0x03,
    0x00, 0x00, 0x00, 0x00, 0x78, 0xF8, 0x00, 0x00, 0x00, 0x00, 0x00, 0xE0, 0x87, 0x03, 0x00, 0x00,
    0x00, 0x00, 0x38, 0xF0, 0x03, 0x00, 0x00, 0x00, 0x00, 0xF0, 0x81, 0x07, 0x00, 0x00, 0x00, 0x00,
    0x38, 0xC0, 0x07, 0x00, 0x00, 0x00, 0x00, 0xF8, 0x80, 0x07, 0x00, 0x00, 0x00, 0x00, 0x3C, 0x80,
    0x0F, 0x00, 0x00, 0x00, 0x00, 0x7C, 0x00, 0x07, 0x00, 0x00, 0x00, 0x00, 0x3C, 0x03, 0x1F, 0x00,
    0x00, 0x00, 0x00, 0x3E, 0x18, 0x07, 0x00, 0x00, 0x00, 0x00, 0x1C, 0x07, 0x3E, 0x00, 0x00, 0x00,
    0x00, 0x1F, 0x1C, 0x0F, 0x00, 0x00, 0x00, 0x00, 0x1C, 0x0F, 0x7C, 0x00, 0x00, 0x00, 0x80, 0x0F,
    0x3E, 0x0F, 0x00, 0x00, 0x00, 0x00, 0x1C, 0x1F, 0xF8, 0x00, 0x00, 0x00, 0xC0, 0x07, 0x3F, 0x0E,
    0x00, 0x00, 0x00, 0x00, 0x9E, 0x3F, 0xF0, 0x0C, 0x00, 0x00, 0xEC, 0x83, 0x3F, 0x0E, 0x00, 0x00,
    0x00, 0x00, 0x9E, 0x7F, 0xE0, 0x1D, 0x00, 0x00, 0xFF, 0xC1, 0x3F, 0x0E, 0x00, 0x00, 0x00, 0x00,
    0x8E, 0xFF, 0xC0, 0x3F, 0x00, 0x80, 0xFF, 0xC0, 0x3F, 0x0E, 0x00, 0x00, 0x00, 0x00, 0x8E, 0xFF,
    0x81, 0x7F, 0x00, 0xC0, 0x7F, 0xE0, 0x3F, 0x1E, 0x00, 0x00, 0x00, 0x00, 0x8E, 0xFF, 0x81, 0xFF,
    0xFE, 0xFF, 0x3F, 0xF0, 0x7F, 0x1E, 0x00, 0x00, 0x00, 0x00, 0x8E, 0xFF, 0x03, 0xEF, 0xFF, 0xFF,
    0x3C, 0xF0, 0x7F, 0x1C, 0x00, 0x00, 0x00, 0x00, 0x8E, 0xFF, 0x03, 0xCE, 0xFF, 0xFF, 0x1E, 0xF8,
    0x7F, 0x1C, 0x00, 0x00, 0x00, 0x00, 0x8E, 0xDF, 0x07, 0xDC, 0xBF, 0x7F, 0x0E, 0xF8, 0x7F, 0x1C,
    0x00, 0x00, 0x00, 0x00, 0x8E, 0x1F, 0x0F, 0xBC, 0xBF, 0x7F, 0x0F, 0x3C, 0x7F, 0x1C, 0x00, 0x00,
    0x00, 0x00, 0x8E, 0x3F, 0x0E, 0xF8, 0xBF, 0xFF, 0x07, 0x0C, 0x7F, 0x1C, 0x00, 0x00, 0x00, 0x00,
    0x8E, 0x3F, 0x08, 0xFC, 0xBF, 0xFF, 0x0F, 0x86, 0x7F, 0x1C, 0x00, 0x00, 0x00, 0x00, 0x8E, 0x7F,
    0x00, 0xFF, 0xBF, 0xFF, 0x3F, 0x80, 0x7F, 0x1C, 0x00, 0x00, 0x00, 0x00, 0x8E, 0x5F, 0xC0, 0xFF,
    0x3F, 0xFF, 0xFF, 0x00, 0x7E, 0x1C, 0x00, 0x00, 0x00, 0x00, 0x8E, 0x1F, 0xE0, 0xFF, 0x1F, 0xFE,
    0xFF, 0x01, 0x3F, 0x1C, 0x00, 0x00, 0x00, 0x00, 0x8E, 0x3F, 0xF8, 0xFF, 0xDF, 0xFE, 0xFF, 0x07,
    0x3F, 0x1C, 0x00, 0x00, 0x00, 0x80, 0x8F, 0x7F, 0xFC, 0xFF, 0xDF, 0xFE, 0xFF, 0x8F, 0x3F, 0x3E,
    0x00, 0x00, 0x00, 0x80, 0x0F, 0x7F, 0xFE, 0x3F, 0x1F, 0xBF, 0xFF, 0x9F, 0x3F, 0x3E, 0x00, 0x00,
    0x00, 0x80, 0x0F, 0x0F, 0xFE, 0x3F, 0xBE, 0x1F, 0xFF, 0x0F, 0x3E, 0x3E, 0x00, 0x00, 0x00, 0x80,
    0x0B, 0x1F, 0xFF, 0x3F, 0xBF, 0x1F, 0xFF, 0x1F, 0x3E, 0x3A, 0x00, 0x00, 0x00, 0x00, 0x07, 0x9F,
    0xFF, 0x7F, 0xBE, 0xDF, 0xFF, 0x7F, 0x1E, 0x38, 0x00, 0x00, 0x00, 0x00, 0x07, 0xFF, 0xFF, 0xFF,
    0xBC, 0xCF, 0xFF, 0xFF, 0x1F, 0x38, 0x00, 0x00, 0x00, 0x00, 0x07, 0xFE, 0xFF, 0xFF, 0xB9, 0xE7,
    0xFF, 0xFF, 0x1F, 0x38, 0x00, 0x00, 0x00, 0x00, 0x07, 0xFE, 0xFF, 0xFF, 0xB3, 0xFB, 0xFF, 0xFF,
    0x0F, 0x1C, 0x00, 0x00, 0x00, 0x00, 0xCF, 0xFF, 0x7F, 0xFC, 0xB7, 0xF9, 0x8F, 0xFF, 0x6F, 0x1C,
    0x00, 0x00, 0x00, 0x00, 0x8E, 0xFF, 0xFF, 0xF0, 0xF7, 0xFD, 0xC3, 0xFF, 0x7F, 0x1C, 0x00, 0x00,
    0x00, 0x00, 0x8E, 0xFF, 0xFF, 0xC0, 0xF7, 0xFD, 0xC0, 0xFF, 0x3F, 0x1E, 0x00, 0x00, 0x00, 0x00,
    0x1E, 0xFF, 0x07, 0x80, 0xF7, 0x7D, 0x00, 0xFC, 0x3F, 0x1E, 0x00, 0x00, 0x00, 0x80, 0x1F, 0xFF,
    0x01, 0x80, 0xFF, 0x3F, 0x00, 0xE0, 0x3F, 0x7F, 0x00, 0x00, 0x00, 0x80, 0x9F, 0xFF, 0x01, 0x00,
    0xFF, 0x3F, 0x00, 0xE0, 0x3F, 0x3E, 0x00, 0x00, 0x00, 0x00, 0xCF, 0xFF, 0x00, 0x00, 0xFF, 0x1F,
    0x00, 0xE0, 0x7F, 0x3C, 0x00, 0x00, 0x00, 0x00, 0xFE, 0x7F, 0x00, 0x00, 0xFE, 0x1F, 0x00, 0xC0,
    0xFF, 0x1F, 0x00, 0x00, 0x00, 0x00, 0xFC, 0x3F, 0x00, 0x00, 0xFE, 0x1F, 0x00, 0x80, 0xFF, 0x0F,
    0x00, 0x00, 0x00, 0x00, 0xFC, 0x3F, 0x00, 0x00, 0xFE, 0x1F, 0x00, 0x00, 0xFF, 0x07, 0x00, 0x00,
    0x00, 0x00, 0xFE, 0x1F, 0x00, 0x00, 0xFE, 0x0F, 0x00, 0x00, 0xFE, 0x1F, 0x00, 0x00, 0x00, 0x00,
    0xFF, 0x0F, 0x00, 0x00, 0xFE, 0x0F, 0x00, 0x00, 0xFE, 0x3F, 0x00, 0x00, 0x00, 0x80, 0xFF, 0x0F,
    0x00, 0x00, 0xFE, 0x0F, 0x00, 0x00, 0xFC, 0x7F, 0x00, 0x00, 0x00, 0xE0, 0xCF, 0x0F, 0x00, 0x00,
    0xFE, 0x0F, 0x00, 0x00, 0xFE, 0xFC, 0x00, 0x00, 0x00, 0xF0, 0xE3, 0x3F, 0x00, 0x00, 0xFE, 0x0F,
    0x00, 0x00, 0xFF, 0xF0, 0x03, 0x00, 0x00, 0xF0, 0xC1, 0x3F, 0x00, 0x00, 0xEE, 0x0D, 0x00, 0x80,
    0xFF, 0xE0, 0x03, 0x00, 0x00, 0xE0, 0x07, 0x3F, 0x00, 0x00, 0xE6, 0x08, 0x00, 0x00, 0x1F, 0xF8,
    0x01, 0x00, 0x00, 0xC0, 0x0F, 0x1F, 0x00, 0x00, 0xC0, 0x00, 0x00, 0x00, 0x3F, 0x7C, 0x00, 0x00,
    0x00, 0x80, 0x8F, 0x1F, 0x06, 0x00, 0x00, 0x00, 0x00, 0x08, 0x7E, 0x3C, 0x00, 0x00, 0x00, 0x80,
    0xC7, 0x1F, 0x3E, 0x7C, 0x00, 0x80, 0x07, 0x0F, 0x7E, 0x78, 0x00, 0x00, 0x00, 0xC0, 0xC3, 0x1F,
    0xFC, 0x3F, 0x00, 0x00, 0xFF, 0x07, 0xFF, 0xF8, 0x00, 0x00, 0x00, 0xE0, 0xE1, 0x39, 0xF0, 0x0F,
    0x00, 0x00, 0xFE, 0x03, 0xE7, 0xF1, 0x01, 0x00, 0x00, 0xF0, 0x70, 0x36, 0xC0, 0x03, 0x00, 0x00,
    0x70, 0x00, 0xD9, 0xE1, 0x03, 0x00, 0x00, 0x78, 0x40, 0x6F, 0x00, 0x00, 0x00, 0x00, 0x00, 0x80,
    0xBD, 0xC0, 0x07, 0x00, 0x00, 0x7C, 0x00, 0x6D, 0x00, 0x00, 0x00, 0x00, 0x00, 0xC0, 0x35, 0x80,
    0x0F, 0x00, 0x00, 0xF8, 0x00, 0xCF, 0x00, 0x00, 0x00, 0x00, 0x00, 0xC0, 0x1C, 0xC0, 0x07, 0x00,
    0x00, 0xF0, 0x03, 0x98, 0x01, 0x00, 0x00, 0x00, 0x00, 0x70, 0x06, 0xF0, 0x03, 0x00, 0x00, 0xE0,
    0x0F, 0x30, 0x0F, 0x00, 0x00, 0x00, 0x00, 0x3C, 0x03, 0xFC, 0x01, 0x00, 0x00, 0x80, 0x3F, 0x70,
    0x00, 0x00, 0x00, 0x00, 0x00, 0x80, 0x81, 0x7F, 0x00, 0x00, 0x00, 0x00, 0xFE, 0x60, 0x00, 0x00,
    0xFE, 0x0F, 0x00, 0x80, 0xE0, 0x1F, 0x00, 0x00, 0x00, 0x00, 0x7C, 0x00, 0x00, 0x00, 0xC7, 0x1F,
    0x00, 0x00, 0xC0, 0x07, 0x00, 0x00, 0x00, 0x00, 0x3C, 0x00, 0x00, 0x00, 0xC1, 0x3F, 0x00, 0x00,
    0x80, 0x0F, 0x00, 0x00, 0x00, 0x00, 0x1E, 0x00, 0x00, 0x00, 0xFF, 0x3F, 0x00, 0x00, 0x00, 0x1F,
    0x00, 0x00, 0x00, 0x00, 0x1F, 0x00, 0x00, 0x00, 0xFF, 0x3F, 0x00, 0x00, 0x00, 0x1E, 0x00, 0x00,
    0x00, 0x80, 0x3F, 0x00, 0x00, 0x00, 0xFF, 0x1F, 0x00, 0x00, 0x80, 0x3F, 0x00, 0x00, 0x00, 0x00,
    0xFF, 0x07, 0x00, 0x00, 0xFE, 0x1F, 0x00, 0x00, 0xF8, 0x3F, 0x00, 0x00, 0x00, 0x00, 0xFC, 0x3F,
    0x00, 0x00, 0xFC, 0x0F, 0x00, 0x00, 0xFF, 0x0F, 0x00, 0x00, 0x00, 0x00, 0xE0, 0x0F, 0x00, 0x00,
    0xF8, 0x07, 0x00, 0x00, 0xFE, 0x01, 0x00, 0x00, 0x00, 0x00, 0x80, 0x07, 0x00, 0x02, 0xF0, 0x03,
    0x18, 0x00, 0x3C, 0x00, 0x00, 0x00, 0x00, 0x00, 0x80, 0x07, 0x00, 0x06, 0xC0, 0x00, 0x18, 0x00,
    0x78, 0x00, 0x00, 0x00, 0x00, 0x00, 0xC0, 0xFF, 0x00, 0x0C, 0xC0, 0x00, 0x0C, 0xC0, 0xFF, 0x00,
    0x00, 0x00, 0x00, 0x00, 0xC0, 0xFF, 0x07, 0x1C, 0xC0, 0x00, 0x06, 0xF8, 0xFF, 0x00, 0x00, 0x00,
    0x00, 0x00, 0x00, 0xFC, 0x0F, 0x38, 0xF8, 0x03, 0x03, 0xFC, 0x07, 0x00, 0x00, 0x00, 0x00, 0x00,
    0x00, 0xC0, 0x07, 0xF0, 0x3F, 0xFF, 0x01, 0x78, 0x00, 0x00, 0x00, 0x00, 0x00, 0x00, 0x00, 0x00,
    0x07, 0xC0, 0x07, 0xF8, 0x00, 0x38, 0x00, 0x00, 0x00, 0x00, 0x00, 0x00, 0x00, 0x80, 0x7F, 0x00,
    0x00, 0x00, 0x80, 0x3F, 0x00, 0x00, 0x00, 0x00, 0x00, 0x00, 0x00, 0x80, 0xFF, 0x00, 0x00, 0x00,
    0xC0, 0x3F, 0x00, 0x00, 0x00, 0x00, 0x00, 0x00, 0x00, 0x80, 0xFF, 0x01, 0x00, 0x00, 0xE0, 0x3F,
    0x00, 0x00, 0x00, 0x00, 0x00, 0x00, 0x00, 0x00, 0xE3, 0x03, 0x00, 0x00, 0xF0, 0x38, 0x00, 0x00,
    0x00, 0x00, 0x00, 0x00, 0x00, 0x00, 0x80, 0x47, 0x00, 0x80, 0x78, 0x00, 0x00, 0x00, 0x00, 0x00,
    0x00, 0x00, 0x00, 0x00, 0x00, 0xCF, 0x00, 0xC0, 0x3E, 0x00, 0x00, 0x00, 0x00, 0x00, 0x00, 0x00,
    0x00, 0x00, 0x00, 0xFE, 0x03, 0xF0, 0x1F, 0x00, 0x00, 0x00, 0x00, 0x00, 0x00, 0x00, 0x00, 0x00,
    0x00, 0xFC, 0x0F, 0xFC, 0x0F, 0x00, 0x00, 0x00, 0x00, 0x00, 0x00, 0x00, 0x00, 0x00, 0x00, 0xF0,
    0xFF, 0xFF, 0x03, 0x00, 0x00, 0x00, 0x00, 0x00, 0x00, 0x00, 0x00, 0x00, 0x00, 0xE0, 0xFF, 0xEF,
    0x01, 0x00, 0x00, 0x00, 0x00, 0x00, 0x00, 0x00, 0x00, 0x00, 0x00, 0x80, 0xF9, 0x63, 0x00, 0x00,
    0x00, 0x00, 0x00, 0x00, 0x00, 0x00, 0x00, 0x00, 0x00, 0x00, 0xC0, 0x00, 0x00, 0x00, 0x00, 0x00,
    0x00, 0x00, 0x00, 0x00, 0x00, 0x00, 0x00, 0x00, 0x00, 0x00, 0x00, 0x00, 0x00, 0x00, 0x00, 0x00,
    0x00, 0x00, 0x00, 0x00, 0x00, 0x00, 0x00, 0x00, 0x00, 0x00, 0x00, 0x00, 0x00, 0x00, 0x00, 0x00,
    0x00, 0x00, 0x00, 0x00, 0x00, 0x00, 0x00, 0x00, 0x00, 0x00, 0x00, 0x00, 0x00, 0x00, 0x00, 0x00,
    0x00, 0x00, 0x00, 0x00, 0x00, 0x00, 0x00, 0x00, 0x00, 0x00, 0x00, 0x00, 0x00, 0x00, 0x00, 0x00,
    0x00, 0x00, 0x00, 0x00, 0x00, 0x00, 0x00, 0x00, 0x00, 0x00, 0x00, 0x00, 0x00, 0x00, 0x00, 0x00,
    0x00, 0x00, 0x00, 0x00, 0x00, 0x00, 0x00, 0x00, 0x00, 0x00, 0x00, 0x00, 0x00, 0x00, 0x00, 0x00,
    0x00, 0x00, 0x00, 0x00
};

const unsigned char face_smug[] PROGMEM = {
    0x00, 0x00, 0x00, 0x00, 0x00, 0x00, 0x00, 0x00, 0x00, 0x00, 0x00, 0x00, 0x00, 0x00, 0x00, 0x00,
    0x00, 0x00, 0x00, 0x00, 0x00, 0x00, 0x00, 0x00, 0x00, 0x00, 0x00, 0x00, 0x00, 0x00, 0x00, 0x00,
    0x00, 0x00, 0x00, 0x00, 0x00, 0x00, 0x00, 0x00, 0x00, 0x00, 0x00, 0x00, 0x00, 0x00, 0x00, 0x00,
    0x00, 0x00, 0x00, 0x00, 0x00, 0x00, 0x00, 0x00, 0x00, 0x00, 0x00, 0x00, 0x00, 0x00, 0x00, 0x00,
    0x00, 0x00, 0x00, 0x00, 0x00, 0x00, 0x00, 0x00, 0x00, 0x00, 0x00, 0x00, 0x00, 0x00, 0x00, 0x00,
    0x00, 0x00, 0x00, 0x00, 0x00, 0x00, 0x00, 0x00, 0x00, 0x00, 0x00, 0x00, 0x00, 0x00, 0x00, 0x00,
    0x00, 0x00, 0x00, 0x00, 0x00, 0x00, 0x00, 0x00, 0x00, 0x00, 0x00, 0x00, 0x00, 0x00, 0x00, 0x00,
    0x00, 0x00, 0x00, 0x06, 0x00, 0x00, 0x00, 0x00, 0x00, 0x00, 0x18, 0x00, 0x00, 0x00, 0x00, 0x00,
    0x80, 0x0F, 0x00, 0x00, 0x00, 0x00, 0x00, 0x00, 0x3E, 0x00, 0x00, 0x00, 0x00, 0x00, 0xE0, 0x1F,
    0x00, 0x00, 0x00, 0x00, 0x00, 0x00, 0xFF, 0x00, 0x00, 0x00, 0x00, 0x00, 0xF0, 0x3F, 0x00, 0x00,
    0x00, 0x00, 0x00, 0x80, 0xFF, 0x01, 0x00, 0x00, 0x00, 0x00, 0xF0, 0x78, 0x00, 0x00, 0x00, 0x00,
    0x00, 0xC0, 0xE7, 0x01, 0x00, 0x00, 0x00, 0x00, 0x70, 0xF0, 0x01, 0x00, 0x00, 0x00, 0x00, 0xE0,
    0xC1, 0x03, 0x00, 0x00, 0x00, 0x00, 0x78, 0xE0, 0x03, 0x00, 0x00, 0x00, 0x00, 0xF0, 0x80, 0x03,
    0x00, 0x00, 0x00, 0x00, 0x38, 0xC0, 0x07, 0x00, 0x00, 0x00, 0x00, 0x78, 0x80, 0x03, 0x00, 0x00,
    0x00, 0x00, 0x38, 0x82, 0x0F, 0x00, 0x00, 0x00, 0x00, 0x3C, 0x98, 0x03, 0x00, 0x00, 0x00, 0x00,
    0x38, 0x07, 0x1F, 0x00, 0x00, 0x00, 0x00, 0x1E, 0x1C, 0x07, 0x00, 0x00, 0x00, 0x00, 0x3C, 0x0F,
    0x3E, 0x00, 0x00, 0x00, 0x00, 0x0F, 0x1E, 0x07, 0x00, 0x00, 0x00, 0x00, 0x1C, 0x1F, 0x3C, 0x00,
    0x00, 0x00, 0x80, 0x07, 0x1E, 0x07, 0x00, 0x00, 0x00, 0x00, 0x1C, 0x1F, 0x78, 0x00, 0x00, 0x00,
    0xC0, 0x03, 0x3F, 0x07, 0x00, 0x00, 0x00, 0x00, 0x1C, 0x3F, 0xF0, 0x00, 0x00, 0x00, 0xE0, 0x81,
    0x3F, 0x0F, 0x00, 0x00, 0x00, 0x00, 0x9C, 0x7F, 0xE0, 0x0D, 0x00, 0x00, 0xE6, 0xC1, 0x3F, 0x0E,
    0x00, 0x00, 0x00, 0x00, 0x9E, 0xFF, 0xC0, 0x1F, 0x00, 0x00, 0xFF, 0xC0, 0x3F, 0x0E, 0x00, 0x00,
    0x00, 0x00, 0x8E, 0xFF, 0xC0, 0x7F, 0x00, 0x80, 0x7F, 0xE0, 0x3F, 0x0E, 0x00, 0x00, 0x00, 0x00,
    0x8E, 0xFF, 0x81, 0xFF, 0xC0, 0xC0, 0x3F, 0xF0, 0x3F, 0x0E, 0x00, 0x00, 0x00, 0x00, 0x8E, 0xFF,
    0x03, 0xEF, 0xFF, 0xFF, 0x3F, 0xF0, 0x3F, 0x0E, 0x00, 0x00, 0x00, 0x00, 0x8E, 0xFF, 0x03, 0xEE,
    0xFF, 0xFF, 0x1E, 0xF8, 0x7F, 0x0E, 0x00, 0x00, 0x00, 0x00, 0x8E, 0xFF, 0x07, 0xCE, 0xBF, 0x7F,
    0x0E, 0xF8, 0x7F, 0x0E, 0x00, 0x00, 0x00, 0x00, 0x8E, 0x9F, 0x07, 0xDC, 0xBF, 0x7F, 0x0E, 0x3C,
    0x7F, 0x1E, 0x00, 0x00, 0x00, 0x00, 0x8E, 0x3F, 0x0E, 0xBC, 0xBF, 0x7F, 0x07, 0x9C, 0x7F, 0x1C,
    0x00, 0x00, 0x00, 0x00, 0x8E, 0x3F, 0x0C, 0xF8, 0xBF, 0xFF, 0x07, 0x86, 0x7F, 0x1C, 0x00, 0x00,
    0x00, 0x00, 0x8E, 0x7F, 0x08, 0xFE, 0xBF, 0xFF, 0x0F, 0x82, 0x7F, 0x1C, 0x00, 0x00, 0x00, 0x00,
    0x8E, 0x6F, 0x80, 0xFF, 0xBF, 0xFF, 0x3F, 0xC0, 0x7E, 0x1C, 0x00, 0x00, 0x00, 0x00, 0x8E, 0x1F,
    0xC0, 0xFF, 0x1F, 0xFF, 0xFF, 0x00, 0x3E, 0x1C, 0x00, 0x00, 0x00, 0x00, 0x8E, 0x1F, 0xF0, 0xFF,
    0x5F, 0xFE, 0xFF, 0x01, 0x3F, 0x1C, 0x00, 0x00, 0x00, 0x00, 0x8E, 0x3F, 0xF8, 0xFF, 0xEF, 0xFE,
    0xFF, 0x87, 0x3F, 0x0E, 0x00, 0x00, 0x00, 0x80, 0x8F, 0x7F, 0xFE, 0xFF, 0x5F, 0xFE, 0xFF, 0x8F,
    0x3F, 0x3E, 0x00, 0x00, 0x00, 0x80, 0x8F, 0x1F, 0xFF, 0x3F, 0x3F, 0x9F, 0xFF, 0x1F, 0x3E, 0x3E,
    0x00, 0x00, 0x00, 0x80, 0x0F, 0x0F, 0xFE, 0x3F, 0xBE, 0x1F, 0xFF, 0x0F, 0x3E, 0x3E, 0x00, 0x00,
    0x00, 0x80, 0x0B, 0x1F, 0xFF, 0x3F, 0xBF, 0x9F, 0xFF, 0x1F, 0x3E, 0x3A, 0x00, 0x00, 0x00, 0x80,
    0x03, 0x9F, 0xFF, 0x7F, 0xBE, 0xDF, 0xFF, 0x7F, 0x1F, 0x38, 0x00, 0x00, 0x00, 0x00, 0x07, 0xFF,
    0xFF, 0xFF, 0xBC, 0xEF, 0xFF, 0xFF, 0x1F, 0x38, 0x00, 0x00, 0x00, 0x00, 0x07, 0xFE, 0xFF, 0xFF,
    0xB9, 0xF7, 0xFF, 0xFF, 0x1F, 0x18, 0x00, 0x00, 0x00, 0x00, 0x07, 0xFE, 0xFF, 0xFF, 0xB3, 0xF9,
    0xFF, 0xFF, 0x0F, 0x1C, 0x00, 0x00, 0x00, 0x00, 0xC7, 0xFE, 0xFF, 0xFF, 0xB7, 0xFD, 0xFF, 0xFF,
    0x6F, 0x1C, 0x00, 0x00, 0x00, 0x00, 0x8E, 0xFF, 0x7F, 0xFC, 0xF7, 0xFD, 0xC3, 0xFF, 0x7F, 0x1C,
    0x00, 0x00, 0x00, 0x00, 0x8E, 0xFF, 0xFF, 0xF0, 0xF7, 0xFD, 0xC0, 0xFF, 0x3F, 0x0E, 0x00, 0x00,
    0x00, 0x00, 0x8E, 0xFF, 0xFF, 0xC0, 0xF7, 0x7D, 0x00, 0xFE, 0x3F, 0x0E, 0x00, 0x00, 0x00, 0x80,
    0x1F, 0xFF, 0x07, 0x80, 0xFF, 0x3F, 0x00, 0xF0, 0x1F, 0x3F, 0x00, 0x00, 0x00, 0x80, 0x1F, 0xFF,
    0x01, 0x80, 0xFF, 0x3F, 0x00, 0xE0, 0x3F, 0x3E, 0x00, 0x00, 0x00, 0x00, 0x8F, 0xFF, 0x01, 0x00,
    0xFF, 0x1F, 0x00, 0xE0, 0x7F, 0x1C, 0x00, 0x00, 0x00, 0x00, 0xDE, 0xFF, 0x00, 0x00, 0xFF, 0x1F,
    0x00, 0xC0, 0xFF, 0x1E, 0x00, 0x00, 0x00, 0x00, 0xFC, 0x7F, 0x00, 0x00, 0xFE, 0x0F, 0x00, 0x80,
    0xFF, 0x0F, 0x00, 0x00, 0x00, 0x00, 0xFC, 0x3F, 0x00, 0x00, 0xFE, 0x0F, 0x00, 0x00, 0xFF, 0x07,
    0x00, 0x00, 0x00, 0x00, 0xFE, 0x3F, 0xFC, 0x00, 0xFE, 0x0F, 0x00, 0x00, 0xFF, 0x0F, 0x00, 0x00,
    0x00, 0x00, 0xFF, 0x1F, 0xFE, 0x03, 0xFE, 0x0F, 0x00, 0x00, 0xFE, 0x1F, 0x00, 0x00, 0x00, 0x80,
    0xFF, 0x0F, 0xC2, 0x0F, 0xFE, 0x0F, 0xE0, 0x07, 0xFC, 0x7F, 0x00, 0x00, 0x00, 0xE0, 0xCF, 0x0F,
    0x00, 0x3E, 0xFE, 0x6F, 0xFE, 0x0F, 0xFC, 0xFE, 0x00, 0x00, 0x00, 0xF0, 0xE3, 0x1F, 0x00, 0xF8,
    0xFC, 0xEF, 0x3F, 0x00, 0xFF, 0xF8, 0x03, 0x00, 0x00, 0xF0, 0xE1, 0x3F, 0x00, 0xE0, 0xFC, 0xCF,
    0x03, 0x80, 0xFF, 0xE0, 0x03, 0x00, 0x00, 0xE0, 0x83, 0x3F, 0xFE, 0x00, 0xE6, 0x0C, 0xE0, 0x8F,
    0x3F, 0xF0, 0x01, 0x00, 0x00, 0xC0, 0x07, 0x1F, 0xFE, 0xFF, 0xC0, 0xE0, 0xFF, 0x0F, 0x3F, 0xFC,
    0x00, 0x00, 0x00, 0x80, 0x8F, 0x1F, 0xD8, 0xFF, 0x00, 0xE0, 0xFF, 0x07, 0x3E, 0x3E, 0x00, 0x00,
    0x00, 0x80, 0xC7, 0x0F, 0x88, 0x7C, 0x00, 0xC0, 0xE4, 0x07, 0x7E, 0x3C, 0x00, 0x00, 0x00, 0xC0,
    0xE3, 0x1F, 0x98, 0x7F, 0x00, 0xC0, 0xFC, 0x07, 0xFF, 0x78, 0x00, 0x00, 0x00, 0xE0, 0xE1, 0x1D,
    0x98, 0x7F, 0x00, 0x80, 0xFD, 0x03, 0xF7, 0xF1, 0x00, 0x00, 0x00, 0xF0, 0x70, 0x32, 0x10, 0x3F,
    0x00, 0x80, 0xF9, 0x03, 0xCB, 0xE1, 0x01, 0x00, 0x00, 0x78, 0x70, 0x37, 0x20, 0x1E, 0x00, 0x00,
    0xF3, 0x81, 0xBD, 0xC1, 0x03, 0x00, 0x00, 0x3C, 0x80, 0x6D, 0x00, 0x00, 0x00, 0x00, 0x00, 0x80,
    0x35, 0x80, 0x07, 0x00, 0x00, 0x7C, 0x00, 0x6F, 0x00, 0x00, 0x00, 0x00, 0x00, 0xC0, 0x3C, 0x80,
    0x07, 0x00, 0x00, 0xF8, 0x00, 0xCE, 0x00, 0x00, 0x00, 0x00, 0x00, 0x60, 0x1E, 0xE0, 0x03, 0x00,
    0x00, 0xF0, 0x03, 0x98, 0x07, 0x00, 0x00, 0x00, 0x00, 0x7C, 0x03, 0xF8, 0x01, 0x00, 0x00, 0xC0,
    0x1F, 0x30, 0x0F, 0x00, 0x00, 0x00, 0x00, 0x1C, 0x03, 0xFE, 0x00, 0x00, 0x00, 0x80, 0xFF, 0x60,
    0x00, 0x00, 0xF8, 0x03, 0x00, 0x80, 0xC1, 0x3F, 0x00, 0x00, 0x00, 0x00, 0xFE, 0x20, 0x00, 0x00,
    0xFE, 0x1F, 0x00, 0x80, 0xC0, 0x0F, 0x00, 0x00, 0x00, 0x00, 0x7C, 0x00, 0x00, 0x00, 0xC3, 0x1F,
    0x00, 0x00, 0x80, 0x07, 0x00, 0x00, 0x00, 0x00, 0x3E, 0x00, 0x00, 0x80, 0xE1, 0x3F, 0x00, 0x00,
    0x00, 0x0F, 0x00, 0x00, 0x00, 0x00, 0x1F, 0x00, 0x00, 0x80, 0xFF, 0x3F, 0xC0, 0x00, 0x00, 0x1E,
    0x00, 0x00, 0x00, 0x00, 0x0F, 0x00, 0x00, 0x00, 0xFF, 0x3F, 0xE0, 0x01, 0x00, 0x3E, 0x00, 0x00,
    0x00, 0x80, 0xFF, 0x00, 0x00, 0x00, 0xFF, 0x1F, 0xC0, 0x01, 0xC0, 0x3F, 0x00, 0x00, 0x00, 0x00,
    0xFE, 0x1F, 0x00, 0x00, 0xFE, 0x0F, 0x60, 0x00, 0xFF, 0x1F, 0x00, 0x00, 0x00, 0x00, 0xF8, 0x1F,
    0x00, 0x00, 0xFC, 0x0F, 0x60, 0x00, 0xFE, 0x03, 0x00, 0x00, 0x00, 0x00, 0x80, 0x0F, 0x00, 0x00,
    0xF8, 0x07, 0x30, 0x00, 0x7C, 0x00, 0x00, 0x00, 0x00, 0x00, 0x80, 0x07, 0x00, 0x00, 0xF0, 0x01,
    0x38, 0x00, 0x78, 0x00, 0x00, 0x00, 0x00, 0x00, 0xC0, 0x1F, 0x00, 0x00, 0xC0, 0x00, 0x1C, 0x00,
    0x7F, 0x00, 0x00, 0x00, 0x00, 0x00, 0xC0, 0xFF, 0x01, 0x00, 0xC0, 0x00, 0x0F, 0xF0, 0xFF, 0x00,
    0x00, 0x00, 0x00, 0x00, 0x00, 0xFF, 0x07, 0x00, 0xC0, 0xC0, 0x03, 0xFC, 0x1F, 0x00, 0x00, 0x00,
    0x00, 0x00, 0x00, 0xE0, 0x07, 0x00, 0xC0, 0xFC, 0x00, 0xFC, 0x01, 0x00, 0x00, 0x00, 0x00, 0x00,
    0x00, 0x80, 0x07, 0x00, 0xF8, 0x3F, 0x00, 0x38, 0x00, 0x00, 0x00, 0x00, 0x00, 0x00, 0x00, 0x80,
    0x03, 0x80, 0xFF, 0x03, 0x00, 0x38, 0x00, 0x00, 0x00, 0x00, 0x00, 0x00, 0x00, 0x80, 0x7F, 0x00,
    0x03, 0x00, 0xC0, 0x3F, 0x00, 0x00, 0x00, 0x00, 0x00, 0x00, 0x00, 0x80, 0xFF, 0x00, 0x00, 0x00,
    0xC0, 0x3F, 0x00, 0x00, 0x00, 0x00, 0x00, 0x00, 0x00, 0x80, 0xFF, 0x01, 0x00, 0x00, 0xE0, 0x3F,
    0x00, 0x00, 0x00, 0x00, 0x00, 0x00, 0x00, 0x00, 0xC0, 0x03, 0x00, 0x00, 0xF8, 0x00, 0x00, 0x00,
    0x00, 0x00, 0x00, 0x00, 0x00, 0x00, 0x80, 0x67, 0x00, 0x80, 0x7C, 0x00, 0x00, 0x00, 0x00, 0x00,
    0x00, 0x00, 0x00, 0x00, 0x00, 0xDF, 0x00, 0xE0, 0x3E, 0x00, 0x00, 0x00, 0x00, 0x00, 0x00, 0x00,
    0x00, 0x00, 0x00, 0xFE, 0x03, 0xF8, 0x0F, 0x00, 0x00, 0x00, 0x00, 0x00, 0x00, 0x00, 0x00, 0x00,
    0x00, 0xFC, 0x0F, 0xFE, 0x07, 0x00, 0x00, 0x00, 0x00, 0x00, 0x00, 0x00, 0x00, 0x00, 0x00, 0xF0,
    0xFF, 0xFF, 0x03, 0x00, 0x00, 0x00, 0x00, 0x00, 0x00, 0x00, 0x00, 0x00, 0x00, 0xE0, 0xFD, 0xEF,
    0x00, 0x00, 0x00, 0x00, 0x00, 0x00, 0x00, 0x00, 0x00, 0x00, 0x00, 0x80, 0xF0, 0x23, 0x00, 0x00,
    0x00, 0x00, 0x00, 0x00, 0x00, 0x00, 0x00, 0x00, 0x00, 0x00, 0x00, 0x00, 0x00, 0x00, 0x00, 0x00,
    0x00, 0x00, 0x00, 0x00, 0x00, 0x00, 0x00, 0x00, 0x00, 0x00, 0x00, 0x00, 0x00, 0x00, 0x00, 0x00,
    0x00, 0x00, 0x00, 0x00, 0x00, 0x00, 0x00, 0x00, 0x00, 0x00, 0x00, 0x00, 0x00, 0x00, 0x00, 0x00,
    0x00, 0x00, 0x00, 0x00, 0x00, 0x00, 0x00, 0x00, 0x00, 0x00, 0x00, 0x00, 0x00, 0x00, 0x00, 0x00,
    0x00, 0x00, 0x00, 0x00, 0x00, 0x00, 0x00, 0x00, 0x00, 0x00, 0x00, 0x00, 0x00, 0x00, 0x00, 0x00,
    0x00, 0x00, 0x00, 0x00, 0x00, 0x00, 0x00, 0x00, 0x00, 0x00, 0x00, 0x00, 0x00, 0x00, 0x00, 0x00,
    0x00, 0x00, 0x00, 0x00, 0x00, 0x00, 0x00, 0x00, 0x00, 0x00, 0x00, 0x00, 0x00, 0x00, 0x00, 0x00,
    0x00, 0x00, 0x00, 0x00
};

const unsigned char face_social[] PROGMEM = {
    0x00, 0x00, 0x00, 0x00, 0x00, 0x00, 0x00, 0x00, 0x00, 0x00, 0x00, 0x00, 0x00, 0x00, 0x00, 0x00,
    0x00, 0x00, 0x00, 0x00, 0x00, 0x00, 0x00, 0x00, 0x00, 0x00, 0x00, 0x00, 0x00, 0x00, 0x00, 0x00,
    0x00, 0x00, 0x00, 0x00, 0x00, 0x00, 0x00, 0x00, 0x00, 0x00, 0x00, 0x00, 0x00, 0x00, 0x00, 0x00,
    0x00, 0x00, 0x00, 0x00, 0x00, 0x00, 0x00, 0x00, 0x00, 0x00, 0x00, 0x00, 0x00, 0x00, 0x00, 0x00,
    0x00, 0x00, 0x00, 0x00, 0x00, 0x00, 0x00, 0x00, 0x00, 0x00, 0x00, 0x00, 0x00, 0x00, 0x00, 0x00,
    0x00, 0x00, 0x00, 0x00, 0x00, 0x00, 0x00, 0x00, 0x00, 0x00, 0x00, 0x00, 0x00, 0x00, 0x00, 0x00,
    0x00, 0x00, 0x00, 0x00, 0x00, 0x00, 0x00, 0x00, 0x00, 0x00, 0x00, 0x00, 0x00, 0x00, 0x00, 0x00,
    0x00, 0x00, 0x00, 0x0F, 0x00, 0x00, 0x00, 0x00, 0x00, 0x00, 0x3C, 0x00, 0x00, 0x00, 0x00, 0x00,
    0x80, 0x1F, 0x00, 0x00, 0x00, 0x00, 0x00, 0x00, 0x7E, 0x00, 0x00, 0x00, 0x00, 0x00, 0xE0, 0x3F,
    0x00, 0x00, 0x00, 0x00, 0x00, 0x00, 0xFF, 0x01, 0x00, 0x00, 0x00, 0x00, 0xF0, 0x7D, 0x00, 0x00,
    0x00, 0x00, 0x00, 0x80, 0xE7, 0x03, 0x00, 0x00, 0x00, 0x00, 0xF0, 0xF0, 0x00, 0x00, 0x00, 0x00,
    0x00, 0xC0, 0xC3, 0x03, 0x00, 0x00, 0x00, 0x00, 0x70, 0xE0, 0x01, 0x00, 0x00, 0x00, 0x00, 0xE0,
    0x81, 0x03, 0x00, 0x00, 0x00, 0x00, 0x70, 0xC0, 0x03, 0x00, 0x00, 0x00, 0x00, 0xF0, 0x80, 0x03,
    0x00, 0x00, 0x00, 0x00, 0x38, 0x80, 0x07, 0x00, 0x00, 0x00, 0x00, 0x78, 0x80, 0x07, 0x00, 0x00,
    0x00, 0x00, 0x38, 0x06, 0x0F, 0x00, 0x00, 0x00, 0x00, 0x3C, 0x18, 0x07, 0x00, 0x00, 0x00, 0x00,
    0x38, 0x0E, 0x1E, 0x00, 0x00, 0x00, 0x00, 0x1E, 0x1C, 0x07, 0x00, 0x00, 0x00, 0x00, 0x38, 0x1F,
    0x3C, 0x00, 0x00, 0x00, 0x00, 0x0F, 0x1E, 0x07, 0x00, 0x00, 0x00, 0x00, 0x3C, 0x1F, 0x78, 0x00,
    0x00, 0x00, 0x80, 0x07, 0x3E, 0x0F, 0x00, 0x00, 0x00, 0x00, 0x1C, 0x3F, 0xF0, 0x00, 0x00, 0x00,
    0xC0, 0x03, 0x3F, 0x0E, 0x00, 0x00, 0x00, 0x00, 0x1C, 0x7F, 0xF0, 0x01, 0x00, 0x00, 0xE0, 0x83,
    0x3F, 0x0E, 0x00, 0x00, 0x00, 0x00, 0x1C, 0xFF, 0xE0, 0x0D, 0x00, 0x00, 0xEC, 0xC1, 0x3F, 0x0E,
    0x00, 0x00, 0x00, 0x00, 0x9C, 0xFF, 0xC0, 0x3F, 0x00, 0x00, 0xFF, 0xC0, 0x3F, 0x0E, 0x00, 0x00,
    0x00, 0x00, 0x9C, 0xFF, 0x81, 0x7F, 0x00, 0x80, 0x7F, 0xE0, 0x7F, 0x0E, 0x00, 0x00, 0x00, 0x00,
    0x8E, 0xFF, 0x03, 0xFF, 0x00, 0xC0, 0x3F, 0xF0, 0x7F, 0x1E, 0x00, 0x00, 0x00, 0x00, 0x8E, 0xFF,
    0x03, 0xEF, 0xFF, 0xFF, 0x3D, 0xF0, 0x7F, 0x1C, 0x00, 0x00, 0x00, 0x00, 0x8E, 0xFF, 0x07, 0xCE,
    0xFF, 0xFF, 0x1C, 0xF8, 0x7F, 0x1C, 0x00, 0x00, 0x00, 0x00, 0x8E, 0xFF, 0x07, 0xDC, 0xFF, 0xFF,
    0x0E, 0xF8, 0x7F, 0x1C, 0x00, 0x00, 0x00, 0x00, 0x8E, 0x3F, 0x0F, 0x9C, 0x3F, 0x7F, 0x0E, 0x3C,
    0x7F, 0x1C, 0x00, 0x00, 0x00, 0x00, 0x8E, 0x3F, 0x0E, 0xB8, 0x3F, 0x7F, 0x07, 0x1C, 0x7F, 0x1C,
    0x00, 0x00, 0x00, 0x00, 0x8E, 0x7F, 0x0C, 0xF8, 0x3F, 0xFF, 0x07, 0x8C, 0x7F, 0x1C, 0x00, 0x00,
    0x00, 0x00, 0x8E, 0x7F, 0x18, 0xFE, 0x3F, 0xFF, 0x1F, 0x86, 0x7F, 0x1C, 0x00, 0x00, 0x00, 0x00,
    0x8E, 0x5F, 0x00, 0xFF, 0x3F, 0xFF, 0x3F, 0xC0, 0x7E, 0x1C, 0x00, 0x00, 0x00, 0x00, 0x8E, 0x1F,
    0xC0, 0xFF, 0x3F, 0xFF, 0xFF, 0x00, 0x7E, 0x1C, 0x00, 0x00, 0x00, 0x00, 0x8E, 0x3F, 0xF0, 0xFF,
    0x5F, 0xFE, 0xFF, 0x03, 0x7F, 0x1C, 0x00, 0x00, 0x00, 0x00, 0x8E, 0x3F, 0xF8, 0xFF, 0xDF, 0xFE,
    0xFF, 0x07, 0x7F, 0x1C, 0x00, 0x00, 0x00, 0x80, 0x8F, 0x7F, 0xFC, 0xFF, 0xDF, 0xFE, 0xFF, 0x8F,
    0x7F, 0x7C, 0x00, 0x00, 0x00, 0x80, 0x8F, 0x3F, 0xFE, 0x3F, 0x3F, 0x1F, 0xFF, 0x1F, 0x3F, 0x7C,
    0x00, 0x00, 0x00, 0x80, 0x1F, 0x0F, 0xFE, 0x3F, 0x3E, 0x1F, 0xFF, 0x1F, 0x3C, 0x7E, 0x00, 0x00,
    0x00, 0x80, 0x1B, 0x1F, 0xFE, 0x7F, 0x3E, 0x9F, 0xFF, 0x1F, 0x3E, 0x76, 0x00, 0x00, 0x00, 0x00,
    0x07, 0x9F, 0xFF, 0xFF, 0x3E, 0xDF, 0xFF, 0x7F, 0x3E, 0x38, 0x00, 0x00, 0x00, 0x00, 0x07, 0xFF,
    0xFF, 0xFF, 0x3C, 0xCF, 0xFF, 0xFF, 0x1F, 0x38, 0x00, 0x00, 0x00, 0x00, 0x07, 0xFE, 0xFF, 0xFF,
    0x39, 0xF7, 0xFF, 0xFF, 0x1F, 0x38, 0x00, 0x00, 0x00, 0x00, 0x07, 0xFE, 0xFF, 0xFF, 0x37, 0xFB,
    0xFF, 0xFF, 0x1F, 0x38, 0x00, 0x00, 0x00, 0x00, 0x8F, 0xFF, 0x7F, 0xF8, 0xB7, 0xF9, 0x87, 0xFF,
    0x7F, 0x1C, 0x00, 0x00, 0x00, 0x00, 0x8E, 0xFF, 0xFF, 0xE0, 0xF7, 0xF9, 0xC1, 0xFF, 0x7F, 0x1C,
    0x00, 0x00, 0x00, 0x00, 0x8E, 0xFF, 0x7F, 0xC0, 0xF7, 0xF9, 0x80, 0xFF, 0x7F, 0x1C, 0x00, 0x00,
    0x00, 0x00, 0x1E, 0xFF, 0x07, 0x80, 0xE7, 0x79, 0x00, 0xF8, 0x3F, 0x1E, 0x00, 0x00, 0x00, 0x80,
    0x1F, 0xFF, 0x01, 0x00, 0xFF, 0x3F, 0x00, 0xE0, 0x3F, 0x7E, 0x00, 0x00, 0x00, 0x80, 0x0F, 0xFF,
    0x01, 0x00, 0xFF, 0x3F, 0x00, 0xE0, 0x3F, 0x7C, 0x00, 0x00, 0x00, 0x00, 0x8F, 0xFF, 0x80, 0x01,
    0xFE, 0x1F, 0x60, 0xC0, 0x7F, 0x3C, 0x00, 0x00, 0x00, 0x00, 0xFE, 0x7F, 0xF0, 0x0F, 0xFE, 0x1F,
    0xFC, 0x83, 0xFF, 0x1F, 0x00, 0x00, 0x00, 0x00, 0xFC, 0x3F, 0xF8, 0x1F, 0xFE, 0x1F, 0xFE, 0x07,
    0xFF, 0x0F, 0x00, 0x00, 0x00, 0x00, 0xFC, 0x3F, 0x3C, 0x3C, 0xFE, 0x1F, 0x0F, 0x0F, 0xFF, 0x0F,
    0x00, 0x00, 0x00, 0x00, 0xFE, 0x1F, 0x06, 0x20, 0xFE, 0x1F, 0x01, 0x18, 0xFE, 0x1F, 0x00, 0x00,
    0x00, 0x00, 0xFF, 0x0F, 0x00, 0x00, 0xFE, 0x0F, 0x00, 0x00, 0xFC, 0x3F, 0x00, 0x00, 0x00, 0x80,
    0xFF, 0x0F, 0xC0, 0x07, 0xFC, 0x0F, 0xF8, 0x00, 0xFC, 0x7F, 0x00, 0x00, 0x00, 0xE0, 0xCF, 0x0F,
    0xE0, 0x1F, 0xFC, 0x0F, 0xFE, 0x01, 0xFC, 0xFC, 0x01, 0x00, 0x00, 0xF0, 0xE3, 0x3F, 0x30, 0x38,
    0xFC, 0x0F, 0x07, 0x03, 0xFF, 0xF1, 0x03, 0x00, 0x00, 0xF0, 0xC1, 0x3F, 0x18, 0x3F, 0xEC, 0x0D,
    0x3F, 0x06, 0xFF, 0xE0, 0x03, 0x00, 0x00, 0xE0, 0x03, 0x3F, 0x8C, 0x7C, 0xC6, 0x88, 0x79, 0x0C,
    0x3F, 0xF0, 0x01, 0x00, 0x00, 0xC0, 0x0F, 0x1F, 0xCC, 0x7C, 0xC0, 0x80, 0xF9, 0x0C, 0x3E, 0xFC,
    0x00, 0x00, 0x00, 0x80, 0x8F, 0x1F, 0xCC, 0x7E, 0x00, 0x80, 0xF9, 0x0C, 0x7E, 0x7C, 0x00, 0x00,
    0x00, 0x80, 0xC7, 0x1F, 0xCC, 0x7F, 0x00, 0x80, 0xFF, 0x0C, 0xFE, 0x78, 0x00, 0x00, 0x00, 0xC0,
    0xE3, 0x1F, 0xCC, 0x7F, 0x00, 0x80, 0xFF, 0x0C, 0xFE, 0xF1, 0x00, 0x00, 0x00, 0xE0, 0xE1, 0x38,
    0x88, 0x7F, 0x00, 0x80, 0x7F, 0x06, 0xC7, 0xE1, 0x01, 0x00, 0x00, 0xF0, 0x70, 0x36, 0x90, 0x7F,
    0x00, 0x80, 0x7F, 0x02, 0x9B, 0xC3, 0x03, 0x00, 0x00, 0x78, 0x00, 0x2F, 0x20, 0x2E, 0x00, 0x00,
    0x1C, 0x81, 0x3D, 0x80, 0x07, 0x00, 0x00, 0x7C, 0x00, 0x6D, 0x00, 0x00, 0x00, 0x00, 0x00, 0x80,
    0x2D, 0x80, 0x0F, 0x00, 0x00, 0xFC, 0x00, 0xCF, 0x00, 0x00, 0x00, 0x00, 0x00, 0xC0, 0x3C, 0xC0,
    0x07, 0x00, 0x00, 0xF0, 0x01, 0x98, 0x01, 0x00, 0x00, 0x00, 0x00, 0x60, 0x06, 0xE0, 0x03, 0x00,
    0x00, 0xE0, 0x07, 0x98, 0x0F, 0x00, 0x00, 0x00, 0x00, 0x7C, 0x03, 0xF8, 0x01, 0x00, 0x00, 0x80,
    0x3F, 0x30, 0x0C, 0x00, 0xF0, 0x03, 0x00, 0x0C, 0x03, 0x7F, 0x00, 0x00, 0x00, 0x00, 0xFF, 0x60,
    0x00, 0x00, 0xFE, 0x1F, 0x00, 0x80, 0xC1, 0x3F, 0x00, 0x00, 0x00, 0x00, 0x7C, 0x00, 0x00, 0x00,
    0xC3, 0x3F, 0x00, 0x00, 0x80, 0x0F, 0x00, 0x00, 0x00, 0x00, 0x3C, 0x00, 0x00, 0x00, 0xC3, 0x3F,
    0x00, 0x00, 0x00, 0x0F, 0x00, 0x00, 0x00, 0x00, 0x1E, 0x00, 0x00, 0x00, 0xFF, 0x3F, 0x00, 0x00,
    0x00, 0x1E, 0x00, 0x00, 0x00, 0x00, 0x0F, 0x00, 0x00, 0x00, 0xFF, 0x3F, 0x00, 0x00, 0x00, 0x3C,
    0x00, 0x00, 0x00, 0x80, 0x3F, 0x00, 0x00, 0x03, 0xFE, 0x1F, 0x30, 0x00, 0x00, 0x7F, 0x00, 0x00,
    0x00, 0x00, 0xFF, 0x03, 0x80, 0x03, 0xFE, 0x1F, 0x70, 0x00, 0xF0, 0x3F, 0x00, 0x00, 0x00, 0x00,
    0xFC, 0x3F, 0x00, 0x02, 0xFC, 0x0F, 0x10, 0x00, 0xFF, 0x0F, 0x00, 0x00, 0x00, 0x00, 0xE0, 0x1F,
    0x00, 0x06, 0xF8, 0x07, 0x18, 0x00, 0xFE, 0x01, 0x00, 0x00, 0x00, 0x00, 0x80, 0x07, 0x00, 0x0C,
    0xE0, 0x01, 0x0C, 0x00, 0x78, 0x00, 0x00, 0x00, 0x00, 0x00, 0x80, 0x07, 0x00, 0x18, 0xC0, 0x00,
    0x06, 0x00, 0x78, 0x00, 0x00, 0x00, 0x00, 0x00, 0xC0, 0x7F, 0x00, 0x30, 0xC0, 0x00, 0x03, 0x80,
    0xFF, 0x00, 0x00, 0x00, 0x00, 0x00, 0xC0, 0xFF, 0x03, 0xE0, 0xFF, 0xFF, 0x01, 0xF0, 0xFF, 0x00,
    0x00, 0x00, 0x00, 0x00, 0x00, 0xFC, 0x0F, 0xE0, 0xFF, 0xFF, 0x01, 0xFC, 0x0F, 0x00, 0x00, 0x00,
    0x00, 0x00, 0x00, 0xC0, 0x07, 0xC0, 0xFF, 0xFF, 0x00, 0xF8, 0x00, 0x00, 0x00, 0x00, 0x00, 0x00,
    0x00, 0x00, 0x07, 0xC0, 0x1F, 0xFE, 0x00, 0x38, 0x00, 0x00, 0x00, 0x00, 0x00, 0x00, 0x00, 0x00,
    0x07, 0x80, 0x03, 0x70, 0x00, 0x38, 0x00, 0x00, 0x00, 0x00, 0x00, 0x00, 0x00, 0x80, 0xFF, 0x00,
    0x03, 0x30, 0xC0, 0x7F, 0x00, 0x00, 0x00, 0x00, 0x00, 0x00, 0x00, 0x80, 0xFF, 0x01, 0x06, 0x18,
    0xE0, 0x7F, 0x00, 0x00, 0x00, 0x00, 0x00, 0x00, 0x00, 0x00, 0xEF, 0x03, 0x1C, 0x0E, 0xF0, 0x3D,
    0x00, 0x00, 0x00, 0x00, 0x00, 0x00, 0x00, 0x00, 0xC0, 0x67, 0xF8, 0x87, 0xF9, 0x00, 0x00, 0x00,
    0x00, 0x00, 0x00, 0x00, 0x00, 0x00, 0x80, 0xCF, 0x00, 0xC0, 0x7C, 0x00, 0x00, 0x00, 0x00, 0x00,
    0x00, 0x00, 0x00, 0x00, 0x00, 0xFE, 0x01, 0xE0, 0x1F, 0x00, 0x00, 0x00, 0x00, 0x00, 0x00, 0x00,
    0x00, 0x00, 0x00, 0xFC, 0x07, 0xF8, 0x0F, 0x00, 0x00, 0x00, 0x00, 0x00, 0x00, 0x00, 0x00, 0x00,
    0x00, 0xF8, 0x1F, 0xFE, 0x07, 0x00, 0x00, 0x00, 0x00, 0x00, 0x00, 0x00, 0x00, 0x00, 0x00, 0xE0,
    0xFF, 0xFF, 0x01, 0x00, 0x00, 0x00, 0x00, 0x00, 0x00, 0x00, 0x00, 0x00, 0x00, 0x80, 0xF9, 0x67,
    0x00, 0x00, 0x00, 0x00, 0x00, 0x00, 0x00, 0x00, 0x00, 0x00, 0x00, 0x00, 0xC0, 0x00, 0x00, 0x00,
    0x00, 0x00, 0x00, 0x00, 0x00, 0x00, 0x00, 0x00, 0x00, 0x00, 0x00, 0x00, 0x00, 0x00, 0x00, 0x00,
    0x00, 0x00, 0x00, 0x00, 0x00, 0x00, 0x00, 0x00, 0x00, 0x00, 0x00, 0x00, 0x00, 0x00, 0x00, 0x00,
    0x00, 0x00, 0x00, 0x00, 0x00, 0x00, 0x00, 0x00, 0x00, 0x00, 0x00, 0x00, 0x00, 0x00, 0x00, 0x00,
    0x00, 0x00, 0x00, 0x00, 0x00, 0x00, 0x00, 0x00, 0x00, 0x00, 0x00, 0x00, 0x00, 0x00, 0x00, 0x00,
    0x00, 0x00, 0x00, 0x00, 0x00, 0x00, 0x00, 0x00, 0x00, 0x00, 0x00, 0x00, 0x00, 0x00, 0x00, 0x00,
    0x00, 0x00, 0x00, 0x00, 0x00, 0x00, 0x00, 0x00, 0x00, 0x00, 0x00, 0x00, 0x00, 0x00, 0x00, 0x00,
    0x00, 0x00, 0x00, 0x00, 0x00, 0x00, 0x00, 0x00, 0x00, 0x00, 0x00, 0x00, 0x00, 0x00, 0x00, 0x00,
    0x00, 0x00, 0x00, 0x00
};

const unsigned char face_startled[] PROGMEM = {
    0x00, 0x00, 0x00, 0x00, 0x00, 0x00, 0x00, 0x00, 0x00, 0x00, 0x00, 0x00, 0x00, 0x00, 0x00, 0x00,
    0x00, 0x00, 0x00, 0x00, 0x00, 0x00, 0x00, 0x00, 0x00, 0x00, 0x00, 0x00, 0x00, 0x00, 0x00, 0x00,
    0x00, 0x00, 0x00, 0x00, 0x00, 0x00, 0x00, 0x00, 0x00, 0x00, 0x00, 0x00, 0x00, 0x00, 0x00, 0x00,
    0x00, 0x00, 0x00, 0x00, 0x00, 0x00, 0x00, 0x00, 0x00, 0x00, 0x00, 0x00, 0x00, 0x00, 0x00, 0x00,
    0x00, 0x00, 0x00, 0x00, 0x00, 0x00, 0x00, 0x00, 0x00, 0x00, 0x00, 0x00, 0x00, 0x00, 0x00, 0x00,
    0x00, 0x00, 0x00, 0x00, 0x00, 0x00, 0x00, 0x00, 0x00, 0x00, 0x00, 0x00, 0x00, 0x00, 0x00, 0x00,
    0x00, 0x00, 0x00, 0x00, 0x00, 0x02, 0x00, 0x00, 0x00, 0x00, 0x00, 0x00, 0x18, 0x00, 0x00, 0x00,
    0x00, 0x00, 0x80, 0x0F, 0x00, 0x00, 0x00, 0x00, 0x00, 0x00, 0x3C, 0x00, 0x00, 0x00, 0x00, 0x00,
    0xC0, 0x1F, 0x00, 0x00, 0x00, 0x00, 0x00, 0x00, 0xFE, 0x00, 0x00, 0x00, 0x00, 0x00, 0xE0, 0x3F,
    0x00, 0x00, 0x00, 0x00, 0x00, 0x00, 0xFF, 0x01, 0x00, 0x00, 0x00, 0x00, 0xF0, 0x7D, 0x00, 0x00,
    0x00, 0x00, 0x00, 0x80, 0xE7, 0x03, 0x00, 0x00, 0x00, 0x00, 0xF0, 0xF8, 0x00, 0x00, 0x00, 0x00,
    0x00, 0xC0, 0xC3, 0x03, 0x00, 0x00, 0x00, 0x00, 0x78, 0xE0, 0x01, 0x00, 0x00, 0x00, 0x00, 0xE0,
    0x81, 0x03, 0x00, 0x00, 0x00, 0x00, 0x78, 0xC0, 0x03, 0x00, 0x00, 0x00, 0x00, 0xF0, 0x80, 0x07,
    0x00, 0x00, 0x00, 0x00, 0x38, 0x80, 0x07, 0x00, 0x00, 0x00, 0x00, 0x78, 0x80, 0x07, 0x00, 0x00,
    0x00, 0x00, 0x38, 0x02, 0x0F, 0x00, 0x00, 0x00, 0x00, 0x3C, 0x18, 0x07, 0x00, 0x00, 0x00, 0x00,
    0x3C, 0x07, 0x1E, 0x00, 0x00, 0x00, 0x00, 0x1E, 0x1C, 0x07, 0x00, 0x00, 0x00, 0x00, 0x1C, 0x0F,
    0x3C, 0x00, 0x00, 0x00, 0x00, 0x0F, 0x1C, 0x0F, 0x00, 0x00, 0x00, 0x00, 0x1C, 0x1F, 0x78, 0x00,
    0x00, 0x00, 0x80, 0x07, 0x3E, 0x0F, 0x00, 0x00, 0x00, 0x00, 0x1C, 0x3F, 0xF8, 0x00, 0x00, 0x00,
    0xC0, 0x03, 0x3F, 0x0E, 0x00, 0x00, 0x00, 0x00, 0x1C, 0x7F, 0xF0, 0x00, 0x00, 0x00, 0xE0, 0x83,
    0x3F, 0x0E, 0x00, 0x00, 0x00, 0x00, 0x9E, 0x7F, 0xE0, 0x0D, 0x00, 0x00, 0xEC, 0xC1, 0x3F, 0x0E,
    0x00, 0x00, 0x00, 0x00, 0x8E, 0xFF, 0xC0, 0x3F, 0x00, 0x00, 0xFF, 0xC0, 0x3F, 0x0E, 0x00, 0x00,
    0x00, 0x00, 0x8E, 0xFF, 0x81, 0x7F, 0x00, 0x80, 0x7F, 0xE0, 0x7F, 0x1E, 0x00, 0x00, 0x00, 0x00,
    0x8E, 0xFF, 0x81, 0xFF, 0xC0, 0xC0, 0x7F, 0xF0, 0x7F, 0x1C, 0x00, 0x00, 0x00, 0x00, 0x8E, 0xFF,
    0x03, 0xEF, 0xFF, 0xFF, 0x3D, 0xF0, 0x7F, 0x1C, 0x00, 0x00, 0x00, 0x00, 0x8E, 0xFF, 0x07, 0xCE,
    0xFF, 0xFF, 0x1C, 0xF8, 0x7F, 0x1C, 0x00, 0x00, 0x00, 0x00, 0x8E, 0xFF, 0x07, 0xCE, 0xFF, 0xFF,
    0x1E, 0xF8, 0x7F, 0x1C, 0x00, 0x00, 0x00, 0x00, 0x8E, 0x9F, 0x0F, 0xDC, 0xBF, 0x7F, 0x0E, 0x7C,
    0x7F, 0x1C, 0x00, 0x00, 0x00, 0x00, 0x8E, 0x3F, 0x0E, 0xBC, 0xBF, 0x7F, 0x0F, 0x1C, 0x7F, 0x1C,
    0x00, 0x00, 0x00, 0x00, 0x8E, 0x3F, 0x0C, 0xF8, 0xBF, 0xFF, 0x07, 0x0C, 0x7F, 0x1C, 0x00, 0x00,
    0x00, 0x00, 0x8E, 0x7F, 0x18, 0xFE, 0xBF, 0xFF, 0x1F, 0x86, 0x7F, 0x1C, 0x00, 0x00, 0x00, 0x00,
    0x8E, 0x7F, 0x80, 0xFF, 0xBF, 0xFF, 0x3F, 0x80, 0x7F, 0x1C, 0x00, 0x00, 0x00, 0x00, 0x8E, 0x1F,
    0xC0, 0xFF, 0x1F, 0xFF, 0xFF, 0x00, 0x7E, 0x1C, 0x00, 0x00, 0x00, 0x00, 0x8E, 0x1F, 0xF0, 0xFF,
    0xDF, 0xFE, 0xFF, 0x03, 0x7F, 0x1C, 0x00, 0x00, 0x00, 0x00, 0x8E, 0x3F, 0xF8, 0xFF, 0xCF, 0xFE,
    0xFF, 0x07, 0x7F, 0x1C, 0x00, 0x00, 0x00, 0x80, 0x8F, 0x7F, 0xFE, 0xFF, 0xDF, 0xFE, 0xFF, 0x8F,
    0x3F, 0x7C, 0x00, 0x00, 0x00, 0x80, 0x8F, 0x3F, 0xFE, 0x3F, 0x3F, 0x1F, 0xFF, 0x1F, 0x3F, 0x7C,
    0x00, 0x00, 0x00, 0x80, 0x0F, 0x0F, 0xFE, 0x3F, 0xBE, 0x1F, 0xFF, 0x1F, 0x3C, 0x7E, 0x00, 0x00,
    0x00, 0x80, 0x0B, 0x1F, 0xFF, 0x7F, 0xBF, 0x9F, 0xFF, 0x1F, 0x3E, 0x32, 0x00, 0x00, 0x00, 0x80,
    0x03, 0x9F, 0xFF, 0xFF, 0xBE, 0xDF, 0xFF, 0x7F, 0x3E, 0x38, 0x00, 0x00, 0x00, 0x00, 0x07, 0xFF,
    0xFF, 0xFF, 0xBC, 0xCF, 0xFF, 0xFF, 0x1F, 0x38, 0x00, 0x00, 0x00, 0x00, 0x07, 0xFE, 0xFF, 0xFF,
    0xB9, 0xF7, 0xFF, 0xFF, 0x1F, 0x38, 0x00, 0x00, 0x00, 0x00, 0x07, 0xFE, 0xFF, 0xFF, 0xB7, 0xFB,
    0xFF, 0xFF, 0x1F, 0x38, 0x00, 0x00, 0x00, 0x00, 0x87, 0xFF, 0xFF, 0xF8, 0xB7, 0xF9, 0xC3, 0xFF,
    0x7F, 0x1C, 0x00, 0x00, 0x00, 0x00, 0x8E, 0xFF, 0xFF, 0xE0, 0xB7, 0xFD, 0xE1, 0xFF, 0x7F, 0x1C,
    0x00, 0x00, 0x00, 0x00, 0x8E, 0xFF, 0x0F, 0xC0, 0xF7, 0x7D, 0x00, 0xFE, 0x7F, 0x1C, 0x00, 0x00,
    0x00, 0x00, 0x1E, 0xFF, 0x03, 0x80, 0xF7, 0x7D, 0x00, 0xF0, 0x3F, 0x1E, 0x00, 0x00, 0x00, 0x80,
    0x1F, 0xFF, 0x01, 0x00, 0xFF, 0x3F, 0x00, 0xE0, 0x3F, 0x7E, 0x00, 0x00, 0x00, 0x80, 0x8F, 0xFF,
    0xC1, 0x01, 0xFF, 0x3F, 0xE0, 0xE0, 0x3F, 0x3C, 0x00, 0x00, 0x00, 0x00, 0x8F, 0xFF, 0xF0, 0x07,
    0xFE, 0x1F, 0xF8, 0xC3, 0x7F, 0x3C, 0x00, 0x00, 0x00, 0x00, 0xFE, 0x7F, 0xF8, 0x0F, 0xFE, 0x1F,
    0xFC, 0x87, 0xFF, 0x1F, 0x00, 0x00, 0x00, 0x00, 0xFC, 0x3F, 0x1C, 0x1C, 0xFE, 0x1F, 0x0E, 0x8E,
    0xFF, 0x0F, 0x00, 0x00, 0x00, 0x00, 0xFC, 0x3F, 0x06, 0x10, 0xFE, 0x1F, 0x02, 0x18, 0xFF, 0x0F,
    0x00, 0x00, 0x00, 0x00, 0xFE, 0x1F, 0x00, 0x00, 0xFE, 0x0F, 0x00, 0x00, 0xFE, 0x1F, 0x00, 0x00,
    0x00, 0x00, 0xFF, 0x0F, 0x80, 0x03, 0xFE, 0x0F, 0x70, 0x00, 0xFC, 0x3F, 0x00, 0x00, 0x00, 0xC0,
    0xFF, 0x0F, 0xE0, 0x0F, 0xFE, 0x0F, 0xFC, 0x01, 0xFC, 0x7F, 0x00, 0x00, 0x00, 0xE0, 0xCF, 0x0F,
    0x70, 0x1C, 0xFE, 0x0F, 0x8E, 0x03, 0xFC, 0xFC, 0x01, 0x00, 0x00, 0xF8, 0xE3, 0x3F, 0x18, 0x30,
    0xFE, 0x0F, 0x03, 0x06, 0xFF, 0xF1, 0x03, 0x00, 0x00, 0xF0, 0xC1, 0x7F, 0x0C, 0x20, 0xEE, 0x8D,
    0x01, 0x8C, 0xFF, 0xE0, 0x03, 0x00, 0x00, 0xE0, 0x03, 0x3F, 0x0C, 0x64, 0xE6, 0x88, 0x08, 0x0C,
    0x3F, 0xF0, 0x01, 0x00, 0x00, 0xC0, 0x0F, 0x1F, 0x04, 0x5F, 0xC0, 0x80, 0x3E, 0x0C, 0x3F, 0xFC,
    0x00, 0x00, 0x00, 0x80, 0x8F, 0x1F, 0x86, 0x59, 0x00, 0xC0, 0x32, 0x08, 0x7E, 0x7C, 0x00, 0x00,
    0x00, 0x80, 0xC7, 0x1F, 0x86, 0xFD, 0x00, 0xC0, 0x7F, 0x08, 0xFE, 0x78, 0x00, 0x00, 0x00, 0xC0,
    0xE3, 0x1F, 0x84, 0x7F, 0x00, 0x80, 0x7F, 0x08, 0xFE, 0xF1, 0x00, 0x00, 0x00, 0xE0, 0xE1, 0x38,
    0x8C, 0x5F, 0x00, 0x80, 0x3E, 0x0C, 0xC7, 0xE1, 0x01, 0x00, 0x00, 0xF0, 0x70, 0x36, 0x0C, 0x5F,
    0x00, 0x80, 0x3E, 0x04, 0x9B, 0xC3, 0x03, 0x00, 0x00, 0x78, 0x00, 0x2F, 0x18, 0x04, 0x00, 0x00,
    0x08, 0x86, 0x3D, 0x80, 0x07, 0x00, 0x00, 0x3C, 0x00, 0x6D, 0x10, 0x00, 0x00, 0x00, 0x00, 0x83,
    0x2D, 0x80, 0x0F, 0x00, 0x00, 0x7C, 0x00, 0xCF, 0x00, 0x00, 0x00, 0x00, 0x00, 0xC0, 0x3C, 0xC0,
    0x07, 0x00, 0x00, 0xF8, 0x01, 0xDC, 0x01, 0x00, 0x00, 0x00, 0x00, 0x60, 0x06, 0xE0, 0x03, 0x00,
    0x00, 0xE0, 0x07, 0x98, 0x0F, 0x00, 0x00, 0x00, 0x00, 0x7C, 0x03, 0xF8, 0x01, 0x00, 0x00, 0xC0,
    0x3F, 0x30, 0x04, 0x00, 0xFC, 0x07, 0x00, 0x0C, 0x03, 0x7F, 0x00, 0x00, 0x00, 0x00, 0xFF, 0x60,
    0x00, 0x00, 0xFE, 0x1F, 0x00, 0x80, 0xC1, 0x3F, 0x00, 0x00, 0x00, 0x00, 0x7C, 0x00, 0x00, 0x00,
    0xC3, 0x3F, 0x00, 0x00, 0xC0, 0x0F, 0x00, 0x00, 0x00, 0x00, 0x3C, 0x00, 0x00, 0x00, 0xFF, 0x3F,
    0x00, 0x00, 0x00, 0x0F, 0x00, 0x00, 0x00, 0x00, 0x1E, 0x00, 0x00, 0x00, 0xFF, 0x3F, 0x00, 0x00,
    0x00, 0x1F, 0x00, 0x00, 0x00, 0x00, 0x0F, 0x00, 0x00, 0x00, 0xFF, 0x1F, 0x00, 0x00, 0x00, 0x3E,
    0x00, 0x00, 0x00, 0x80, 0x3F, 0x00, 0x00, 0x00, 0xFE, 0x1F, 0x00, 0x00, 0x00, 0x3F, 0x00, 0x00,
    0x00, 0x80, 0xFF, 0x03, 0x00, 0x00, 0xFC, 0x0F, 0x00, 0x00, 0xF0, 0x3F, 0x00, 0x00, 0x00, 0x00,
    0xFC, 0x3F, 0x00, 0x00, 0xF8, 0x07, 0x00, 0x00, 0xFF, 0x0F, 0x00, 0x00, 0x00, 0x00, 0xF0, 0x0F,
    0x00, 0x00, 0xF0, 0x03, 0x00, 0x00, 0xFE, 0x01, 0x00, 0x00, 0x00, 0x00, 0x80, 0x07, 0x00, 0x00,
    0xC0, 0x00, 0x00, 0x00, 0x78, 0x00, 0x00, 0x00, 0x00, 0x00, 0x80, 0x07, 0x00, 0x00, 0x00, 0x00,
    0x00, 0x00, 0x78, 0x00, 0x00, 0x00, 0x00, 0x00, 0xC0, 0x7F, 0x00, 0x00, 0xE0, 0x01, 0x00, 0x80,
    0xFF, 0x00, 0x00, 0x00, 0x00, 0x00, 0xC0, 0xFF, 0x03, 0x00, 0xF0, 0x03, 0x00, 0xF0, 0xFF, 0x00,
    0x00, 0x00, 0x00, 0x00, 0x00, 0xFE, 0x07, 0x00, 0xF0, 0x03, 0x00, 0xFC, 0x0F, 0x00, 0x00, 0x00,
    0x00, 0x00, 0x00, 0xC0, 0x07, 0x00, 0xF8, 0x07, 0x00, 0xF8, 0x00, 0x00, 0x00, 0x00, 0x00, 0x00,
    0x00, 0x80, 0x07, 0x00, 0xF8, 0x07, 0x00, 0x38, 0x00, 0x00, 0x00, 0x00, 0x00, 0x00, 0x00, 0x80,
    0x03, 0x00, 0xF8, 0x07, 0x00, 0x38, 0x00, 0x00, 0x00, 0x00, 0x00, 0x00, 0x00, 0x80, 0xFF, 0x00,
    0x18, 0x06, 0xC0, 0x7F, 0x00, 0x00, 0x00, 0x00, 0x00, 0x00, 0x00, 0x80, 0xFF, 0x01, 0x18, 0x06,
    0xE0, 0x7F, 0x00, 0x00, 0x00, 0x00, 0x00, 0x00, 0x00, 0x80, 0xFF, 0x03, 0xF0, 0x03, 0xF0, 0x3F,
    0x00, 0x00, 0x00, 0x00, 0x00, 0x00, 0x00, 0x00, 0xC0, 0x07, 0xC0, 0x00, 0xF8, 0x00, 0x00, 0x00,
    0x00, 0x00, 0x00, 0x00, 0x00, 0x00, 0x80, 0xCF, 0x00, 0xC0, 0x7C, 0x00, 0x00, 0x00, 0x00, 0x00,
    0x00, 0x00, 0x00, 0x00, 0x00, 0xDF, 0x03, 0xF0, 0x1F, 0x00, 0x00, 0x00, 0x00, 0x00, 0x00, 0x00,
    0x00, 0x00, 0x00, 0xFC, 0x0F, 0xFC, 0x0F, 0x00, 0x00, 0x00, 0x00, 0x00, 0x00, 0x00, 0x00, 0x00,
    0x00, 0xF8, 0x3F, 0xFF, 0x07, 0x00, 0x00, 0x00, 0x00, 0x00, 0x00, 0x00, 0x00, 0x00, 0x00, 0xE0,
    0xFF, 0xFF, 0x01, 0x00, 0x00, 0x00, 0x00, 0x00, 0x00, 0x00, 0x00, 0x00, 0x00, 0x80, 0xF9, 0x67,
    0x00, 0x00, 0x00, 0x00, 0x00, 0x00, 0x00, 0x00, 0x00, 0x00, 0x00, 0x00, 0xC0, 0x00, 0x00, 0x00,
    0x00, 0x00, 0x00, 0x00, 0x00, 0x00, 0x00, 0x00, 0x00, 0x00, 0x00, 0x00, 0x00, 0x00, 0x00, 0x00,
    0x00, 0x00, 0x00, 0x00, 0x00, 0x00, 0x00, 0x00, 0x00, 0x00, 0x00, 0x00, 0x00, 0x00, 0x00, 0x00,
    0x00, 0x00, 0x00, 0x00, 0x00, 0x00, 0x00, 0x00, 0x00, 0x00, 0x00, 0x00, 0x00, 0x00, 0x00, 0x00,
    0x00, 0x00, 0x00, 0x00, 0x00, 0x00, 0x00, 0x00, 0x00, 0x00, 0x00, 0x00, 0x00, 0x00, 0x00, 0x00,
    0x00, 0x00, 0x00, 0x00, 0x00, 0x00, 0x00, 0x00, 0x00, 0x00, 0x00, 0x00, 0x00, 0x00, 0x00, 0x00,
    0x00, 0x00, 0x00, 0x00, 0x00, 0x00, 0x00, 0x00, 0x00, 0x00, 0x00, 0x00, 0x00, 0x00, 0x00, 0x00,
    0x00, 0x00, 0x00, 0x00, 0x00, 0x00, 0x00, 0x00, 0x00, 0x00, 0x00, 0x00, 0x00, 0x00, 0x00, 0x00,
    0x00, 0x00, 0x00, 0x00
};

const unsigned char face_tracking[] PROGMEM = {
    0x00, 0x00, 0x00, 0x00, 0x00, 0x00, 0x00, 0x00, 0x00, 0x00, 0x00, 0x00, 0x00, 0x00, 0x00, 0x00,
    0x00, 0x00, 0x00, 0x00, 0x00, 0x00, 0x00, 0x00, 0x00, 0x00, 0x00, 0x00, 0x00, 0x00, 0x00, 0x00,
    0x00, 0x00, 0x00, 0x00, 0x00, 0x00, 0x00, 0x00, 0x00, 0x00, 0x00, 0x00, 0x00, 0x00, 0x00, 0x00,
    0x00, 0x00, 0x00, 0x00, 0x00, 0x00, 0x00, 0x00, 0x00, 0x00, 0x00, 0x00, 0x00, 0x00, 0x00, 0x00,
    0x00, 0x00, 0x00, 0x00, 0x00, 0x00, 0x00, 0x00, 0x00, 0x00, 0x00, 0x00, 0x00, 0x00, 0x00, 0x00,
    0x00, 0x00, 0x00, 0x00, 0x00, 0x00, 0x00, 0x00, 0x00, 0x00, 0x00, 0x00, 0x00, 0x00, 0x00, 0x00,
    0x00, 0x00, 0x00, 0x00, 0x00, 0x00, 0x00, 0x00, 0x00, 0x00, 0x00, 0x00, 0x00, 0x00, 0x00, 0x00,
    0x00, 0x00, 0x00, 0x00, 0x00, 0x00, 0x00, 0x00, 0x00, 0x00, 0x00, 0x00, 0x00, 0x00, 0x00, 0x00,
    0x00, 0x06, 0x00, 0x00, 0x00, 0x00, 0x00, 0x00, 0x18, 0x00, 0x00, 0x00, 0x00, 0x00, 0x80, 0x1F,
    0x00, 0x00, 0x00, 0x00, 0x00, 0x00, 0x7C, 0x00, 0x00, 0x00, 0x00, 0x00, 0xC0, 0x3F, 0x00, 0x00,
    0x00, 0x00, 0x00, 0x00, 0xFF, 0x00, 0x00, 0x00, 0x00, 0x00, 0xE0, 0x7F, 0x00, 0x00, 0x00, 0x00,
    0x00, 0x80, 0xFF, 0x01, 0x00, 0x00, 0x00, 0x00, 0xE0, 0xF9, 0x00, 0x00, 0x00, 0x00, 0x00, 0xC0,
    0xE7, 0x01, 0x00, 0x00, 0x00, 0x00, 0xF0, 0xF0, 0x01, 0x00, 0x00, 0x00, 0x00, 0xE0, 0xC3, 0x03,
    0x00, 0x00, 0x00, 0x00, 0x70, 0xC0, 0x03, 0x00, 0x00, 0x00, 0x00, 0xF0, 0x81, 0x03, 0x00, 0x00,
    0x00, 0x00, 0x70, 0x80, 0x07, 0x00, 0x00, 0x00, 0x00, 0xF8, 0x80, 0x03, 0x00, 0x00, 0x00, 0x00,
    0x70, 0x06, 0x0F, 0x00, 0x00, 0x00, 0x00, 0x3C, 0x98, 0x07, 0x00, 0x00, 0x00, 0x00, 0x78, 0x0E,
    0x1E, 0x00, 0x00, 0x00, 0x00, 0x1E, 0x1C, 0x07, 0x00, 0x00, 0x00, 0x00, 0x38, 0x1E, 0x3C, 0x00,
    0x00, 0x00, 0x00, 0x0F, 0x1E, 0x07, 0x00, 0x00, 0x00, 0x00, 0x38, 0x3E, 0x78, 0x00, 0x00, 0x00,
    0x80, 0x07, 0x1E, 0x07, 0x00, 0x00, 0x00, 0x00, 0x38, 0x3F, 0xF0, 0x00, 0x00, 0x00, 0xC0, 0x07,
    0x3F, 0x07, 0x00, 0x00, 0x00, 0x00, 0x3C, 0x7F, 0xE0, 0x00, 0x00, 0x00, 0xC0, 0x83, 0x3F, 0x0F,
    0x00, 0x00, 0x00, 0x00, 0x1C, 0xFF, 0xE0, 0x09, 0x00, 0x00, 0xEC, 0xC1, 0x3F, 0x0E, 0x00, 0x00,
    0x00, 0x00, 0x1C, 0xFF, 0xC0, 0x1F, 0x00, 0x00, 0xFE, 0xC0, 0x3F, 0x0E, 0x00, 0x00, 0x00, 0x00,
    0x1C, 0xFF, 0x81, 0x7F, 0x00, 0x80, 0x7F, 0xE0, 0x3F, 0x0E, 0x00, 0x00, 0x00, 0x00, 0x1C, 0xFF,
    0x03, 0xFF, 0x00, 0xC0, 0x3F, 0xF0, 0x3F, 0x0E, 0x00, 0x00, 0x00, 0x00, 0x9C, 0xFF, 0x03, 0xFF,
    0xFF, 0xFF, 0x3F, 0xF0, 0x7F, 0x0E, 0x00, 0x00, 0x00, 0x00, 0x9C, 0xFF, 0x07, 0xCE, 0xFF, 0xFF,
    0x1C, 0xF8, 0x7F, 0x0E, 0x00, 0x00, 0x00, 0x00, 0x9E, 0xFF, 0x07, 0xDC, 0xFF, 0xFF, 0x0E, 0xF8,
    0x7F, 0x1E, 0x00, 0x00, 0x00, 0x00, 0x8E, 0xBF, 0x0F, 0x9C, 0x3F, 0x7F, 0x0E, 0x7C, 0x7F, 0x1C,
    0x00, 0x00, 0x00, 0x00, 0x8E, 0x3F, 0x0E, 0xB8, 0x3F, 0x7F, 0x07, 0x1C, 0x7F, 0x1C, 0x00, 0x00,
    0x00, 0x00, 0x8E, 0x7F, 0x1C, 0xF8, 0x3F, 0xFF, 0x07, 0x8E, 0x7F, 0x1C, 0x00, 0x00, 0x00, 0x00,
    0x8E, 0x7F, 0x10, 0xFE, 0x3F, 0xFF, 0x1F, 0x82, 0x7F, 0x1C, 0x00, 0x00, 0x00, 0x00, 0x8E, 0xDF,
    0x00, 0xFF, 0x3F, 0xFF, 0x3F, 0xC0, 0x7E, 0x1C, 0x00, 0x00, 0x00, 0x00, 0x8E, 0x1F, 0xC0, 0xFF,
    0x3F, 0xFF, 0xFF, 0x00, 0x7E, 0x1C, 0x00, 0x00, 0x00, 0x00, 0x8E, 0x3F, 0xF0, 0xFF, 0xDF, 0xFE,
    0xFF, 0x03, 0x7F, 0x1C, 0x00, 0x00, 0x00, 0x00, 0x0F, 0x3F, 0xF8, 0xFF, 0xDF, 0xFE, 0xFF, 0x07,
    0x3F, 0x7C, 0x00, 0x00, 0x00, 0x80, 0x1F, 0x7F, 0xFC, 0xFF, 0xDF, 0xFE, 0xFF, 0x8F, 0x3F, 0x7E,
    0x00, 0x00, 0x00, 0x80, 0x1F, 0x3F, 0xFE, 0x3F, 0x3E, 0x1F, 0xFF, 0x1F, 0x3E, 0x7E, 0x00, 0x00,
    0x00, 0x00, 0x1F, 0x1F, 0xFE, 0x3F, 0x3E, 0x1F, 0xFF, 0x1F, 0x3E, 0x3E, 0x00, 0x00, 0x00, 0x00,
    0x07, 0x1F, 0xFF, 0x7F, 0x3E, 0x9F, 0xFF, 0x3F, 0x3E, 0x38, 0x00, 0x00, 0x00, 0x00, 0x07, 0x9E,
    0xFF, 0xFF, 0x3E, 0xDF, 0xFF, 0x7F, 0x1E, 0x38, 0x00, 0x00, 0x00, 0x00, 0x07, 0xFE, 0xFF, 0xFF,
    0x3D, 0xEF, 0xFF, 0xFF, 0x1F, 0x38, 0x00, 0x00, 0x00, 0x00, 0x07, 0xFE, 0xFF, 0xFF, 0x3B, 0xF7,
    0xFF, 0xFF, 0x1F, 0x38, 0x00, 0x00, 0x00, 0x00, 0x8E, 0xFC, 0xFF, 0xFF, 0x37, 0xFB, 0xFF, 0xFF,
    0x4F, 0x1C, 0x00, 0x00, 0x00, 0x00, 0x8E, 0xFF, 0xFF, 0xFF, 0xF7, 0xF9, 0xFF, 0xFF, 0x7F, 0x1C,
    0x00, 0x00, 0x00, 0x00, 0x8E, 0xFF, 0x7F, 0xFE, 0xF7, 0xF9, 0x9F, 0xFF, 0x7F, 0x1C, 0x00, 0x00,
    0x00, 0x00, 0x1E, 0xFF, 0x7F, 0xF0, 0xF7, 0xF9, 0x83, 0xFF, 0x3F, 0x1E, 0x00, 0x00, 0x00, 0x80,
    0x1F, 0xFF, 0xFF, 0xE0, 0xE7, 0xF9, 0xC1, 0xFF, 0x3F, 0x7E, 0x00, 0x00, 0x00, 0x00, 0x1F, 0xFF,
    0x07, 0xC0, 0xFF, 0xFF, 0x00, 0xF8, 0x3F, 0x3E, 0x00, 0x00, 0x00, 0x00, 0x8F, 0xFF, 0x01, 0x80,
    0xFF, 0x7F, 0x00, 0xE0, 0x7F, 0x3C, 0x00, 0x00, 0x00, 0x00, 0xDE, 0xFF, 0x00, 0x00, 0xFF, 0x3F,
    0x00, 0xC0, 0xFF, 0x1E, 0x00, 0x00, 0x00, 0x00, 0xFC, 0xFF, 0x00, 0x00, 0xFF, 0x3F, 0x00, 0xC0,
    0xFF, 0x0F, 0x00, 0x00, 0x00, 0x00, 0xFC, 0xFF, 0x00, 0x00, 0xFE, 0x1F, 0x00, 0xC0, 0xFF, 0x0F,
    0x00, 0x00, 0x00, 0x00, 0xFE, 0x3F, 0x7C, 0x00, 0xFE, 0x1F, 0x80, 0x0F, 0xFF, 0x1F, 0x00, 0x00,
    0x00, 0x00, 0xFF, 0x1F, 0xFC, 0x00, 0xFE, 0x1F, 0xC0, 0x0F, 0xFE, 0x3F, 0x00, 0x00, 0x00, 0x80,
    0xFF, 0x1F, 0xE0, 0x01, 0xFE, 0x1F, 0xE0, 0x01, 0xFE, 0x7F, 0x00, 0x00, 0x00, 0xE0, 0xCF, 0x0F,
    0xC0, 0x07, 0xFC, 0x0F, 0xF8, 0x00, 0xFC, 0xFC, 0x01, 0x00, 0x00, 0xF0, 0xE3, 0x1F, 0xF0, 0x0F,
    0xFC, 0x0F, 0xFC, 0x03, 0xFE, 0xF1, 0x03, 0x00, 0x00, 0xF0, 0xE1, 0x3F, 0x98, 0x3F, 0xFC, 0x0F,
    0x7F, 0x06, 0xFF, 0xE1, 0x03, 0x00, 0x00, 0xE0, 0x03, 0x3F, 0x98, 0xFC, 0xE4, 0xC9, 0x73, 0x06,
    0x3F, 0xF0, 0x01, 0x00, 0x00, 0xC0, 0x0F, 0x3F, 0xCC, 0xFC, 0xC0, 0xC0, 0xF1, 0x0C, 0x3F, 0xFC,
    0x00, 0x00, 0x00, 0x80, 0x8F, 0x1F, 0xCC, 0xFF, 0x00, 0xC0, 0xFF, 0x0C, 0x7E, 0x7C, 0x00, 0x00,
    0x00, 0x80, 0xC7, 0x1F, 0xCC, 0xFF, 0x00, 0xC0, 0xFF, 0x0C, 0xFE, 0x78, 0x00, 0x00, 0x00, 0xC0,
    0xC3, 0x1F, 0x98, 0xFF, 0x00, 0xC0, 0x7F, 0x06, 0xFE, 0xF1, 0x00, 0x00, 0x00, 0xE0, 0xE1, 0x39,
    0x10, 0xFF, 0x00, 0xC0, 0x3F, 0x02, 0xE7, 0xE1, 0x01, 0x00, 0x00, 0xF0, 0x70, 0x36, 0x20, 0x0E,
    0x00, 0x00, 0x1C, 0x01, 0x9B, 0xC3, 0x03, 0x00, 0x00, 0x78, 0x00, 0x2F, 0x00, 0x00, 0x00, 0x00,
    0x00, 0x00, 0x3D, 0x81, 0x07, 0x00, 0x00, 0x7C, 0x00, 0x6D, 0x00, 0x00, 0x00, 0x00, 0x00, 0x80,
    0x2D, 0x80, 0x0F, 0x00, 0x00, 0xF8, 0x00, 0xCF, 0x00, 0x00, 0x00, 0x00, 0x00, 0xC0, 0x3C, 0xC0,
    0x07, 0x00, 0x00, 0xF0, 0x01, 0xDC, 0x01, 0x00, 0x00, 0x00, 0x00, 0xE0, 0x0E, 0xE0, 0x03, 0x00,
    0x00, 0xE0, 0x07, 0x98, 0x0F, 0x00, 0x00, 0x00, 0x00, 0x7C, 0x06, 0xF8, 0x01, 0x00, 0x00, 0x80,
    0x3F, 0x30, 0x0C, 0x00, 0x00, 0x00, 0x00, 0x0C, 0x03, 0xFF, 0x00, 0x00, 0x00, 0x00, 0xFF, 0x60,
    0x00, 0x00, 0xF0, 0x03, 0x00, 0x80, 0xC1, 0x3F, 0x00, 0x00, 0x00, 0x00, 0x7C, 0x00, 0x00, 0x00,
    0xFE, 0x1F, 0x00, 0x00, 0x80, 0x0F, 0x00, 0x00, 0x00, 0x00, 0x3C, 0x00, 0x00, 0x00, 0x83, 0x3F,
    0x00, 0x00, 0x00, 0x0F, 0x00, 0x00, 0x00, 0x00, 0x1E, 0x00, 0x00, 0x00, 0xF3, 0x3F, 0x00, 0x00,
    0x00, 0x1E, 0x00, 0x00, 0x00, 0x00, 0x0F, 0x00, 0x00, 0x00, 0xFF, 0x3F, 0x00, 0x00, 0x00, 0x3C,
    0x00, 0x00, 0x00, 0x80, 0x3F, 0x00, 0x00, 0x00, 0xFF, 0x3F, 0x00, 0x00, 0x00, 0x7F, 0x00, 0x00,
    0x00, 0x00, 0xFF, 0x03, 0x00, 0x00, 0xFF, 0x1F, 0x00, 0x00, 0xF0, 0x3F, 0x00, 0x00, 0x00, 0x00,
    0xFC, 0x3F, 0x00, 0x00, 0xFE, 0x1F, 0x00, 0x00, 0xFE, 0x0F, 0x00, 0x00, 0x00, 0x00, 0xE0, 0x0F,
    0x00, 0x00, 0xFC, 0x0F, 0x00, 0x00, 0xFC, 0x01, 0x00, 0x00, 0x00, 0x00, 0x80, 0x07, 0x00, 0x00,
    0xF8, 0x07, 0x00, 0x00, 0x78, 0x00, 0x00, 0x00, 0x00, 0x00, 0x80, 0x07, 0x00, 0x00, 0xE0, 0x01,
    0x00, 0x00, 0x78, 0x00, 0x00, 0x00, 0x00, 0x00, 0xC0, 0x7F, 0x00, 0x00, 0xC0, 0x00, 0x00, 0x80,
    0xFF, 0x00, 0x00, 0x00, 0x00, 0x00, 0xC0, 0xFF, 0x03, 0x00, 0xC0, 0x00, 0x00, 0xF0, 0xFF, 0x00,
    0x00, 0x00, 0x00, 0x00, 0x00, 0xFE, 0x07, 0x00, 0xC0, 0x00, 0x00, 0xF8, 0x1F, 0x00, 0x00, 0x00,
    0x00, 0x00, 0x00, 0xE0, 0x07, 0x00, 0xF0, 0x03, 0x00, 0xF8, 0x01, 0x00, 0x00, 0x00, 0x00, 0x00,
    0x00, 0x80, 0x07, 0x00, 0xFC, 0x0F, 0x00, 0x78, 0x00, 0x00, 0x00, 0x00, 0x00, 0x00, 0x00, 0x80,
    0x03, 0x00, 0x06, 0x18, 0x00, 0x70, 0x00, 0x00, 0x00, 0x00, 0x00, 0x00, 0x00, 0x80, 0xFF, 0x00,
    0x00, 0x00, 0xC0, 0x7F, 0x00, 0x00, 0x00, 0x00, 0x00, 0x00, 0x00, 0x80, 0xFF, 0x01, 0x00, 0x00,
    0xE0, 0x7F, 0x00, 0x00, 0x00, 0x00, 0x00, 0x00, 0x00, 0x80, 0xFF, 0x03, 0x00, 0x00, 0xF0, 0x7F,
    0x00, 0x00, 0x00, 0x00, 0x00, 0x00, 0x00, 0x00, 0xC0, 0x07, 0x00, 0x00, 0xF8, 0x00, 0x00, 0x00,
    0x00, 0x00, 0x00, 0x00, 0x00, 0x00, 0x80, 0xCF, 0x00, 0xC0, 0x7C, 0x00, 0x00, 0x00, 0x00, 0x00,
    0x00, 0x00, 0x00, 0x00, 0x00, 0xDF, 0x01, 0xE0, 0x3E, 0x00, 0x00, 0x00, 0x00, 0x00, 0x00, 0x00,
    0x00, 0x00, 0x00, 0xFC, 0x07, 0xF8, 0x0F, 0x00, 0x00, 0x00, 0x00, 0x00, 0x00, 0x00, 0x00, 0x00,
    0x00, 0xF8, 0x1F, 0xFE, 0x07, 0x00, 0x00, 0x00, 0x00, 0x00, 0x00, 0x00, 0x00, 0x00, 0x00, 0xE0,
    0xFF, 0xFF, 0x01, 0x00, 0x00, 0x00, 0x00, 0x00, 0x00, 0x00, 0x00, 0x00, 0x00, 0x80, 0xF9, 0xE7,
    0x00, 0x00, 0x00, 0x00, 0x00, 0x00, 0x00, 0x00, 0x00, 0x00, 0x00, 0x00, 0xE0, 0x01, 0x00, 0x00,
    0x00, 0x00, 0x00, 0x00, 0x00, 0x00, 0x00, 0x00, 0x00, 0x00, 0x00, 0x00, 0x00, 0x00, 0x00, 0x00,
    0x00, 0x00, 0x00, 0x00, 0x00, 0x00, 0x00, 0x00, 0x00, 0x00, 0x00, 0x00, 0x00, 0x00, 0x00, 0x00,
    0x00, 0x00, 0x00, 0x00, 0x00, 0x00, 0x00, 0x00, 0x00, 0x00, 0x00, 0x00, 0x00, 0x00, 0x00, 0x00,
    0x00, 0x00, 0x00, 0x00, 0x00, 0x00, 0x00, 0x00, 0x00, 0x00, 0x00, 0x00, 0x00, 0x00, 0x00, 0x00,
    0x00, 0x00, 0x00, 0x00, 0x00, 0x00, 0x00, 0x00, 0x00, 0x00, 0x00, 0x00, 0x00, 0x00, 0x00, 0x00,
    0x00, 0x00, 0x00, 0x00, 0x00, 0x00, 0x00, 0x00, 0x00, 0x00, 0x00, 0x00, 0x00, 0x00, 0x00, 0x00,
    0x00, 0x00, 0x00, 0x00, 0x00, 0x00, 0x00, 0x00, 0x00, 0x00, 0x00, 0x00, 0x00, 0x00, 0x00, 0x00,
    0x00, 0x00, 0x00, 0x00
};

struct FaceEntry { const char *name; const unsigned char *bitmap; };

const FaceEntry FACE_TABLE[] = {
    {"annoyed", face_annoyed},
    {"curious", face_curious},
    {"curious_2", face_curious_2},
    {"foxfound", face_foxfound},
    {"foxfound_2", face_foxfound_2},
    {"happy", face_happy},
    {"idle", face_idle},
    {"listening", face_listening},
    {"overwhelmed", face_overwhelmed},
    {"reboot", face_reboot},
    {"shutdown", face_shutdown},
    {"sleep", face_sleep},
    {"smug", face_smug},
    {"social", face_social},
    {"startled", face_startled},
    {"tracking", face_tracking},
};

const size_t FACE_COUNT = sizeof(FACE_TABLE) / sizeof(FACE_TABLE[0]);
